sl_pct,tp_pct,trail_pct,hold_max,lower,upper,PnL,Trades
0.0005,0.002,0.0015,5,0.44,0.48,-788.3759659711504,120.0
0.0005,0.002,0.0015,5,0.44,0.49,89.68593232585408,110.0
0.0005,0.002,0.0015,5,0.44,0.5,180.73059264733456,102.0
0.0005,0.002,0.0015,5,0.44,0.51,-30.305768953854567,98.0
0.0005,0.002,0.0015,5,0.45,0.48,-1619.8262137682177,127.0
0.0005,0.002,0.0015,5,0.45,0.49,-741.7643154712132,118.0
0.0005,0.002,0.0015,5,0.45,0.5,-635.4790079983504,109.0
0.0005,0.002,0.0015,5,0.45,0.51,-846.5153695995396,105.0
0.0005,0.002,0.0015,5,0.46,0.48,-2687.199147678606,135.0
0.0005,0.002,0.0015,5,0.46,0.49,-1778.7671086095797,125.0
0.0005,0.002,0.0015,5,0.46,0.5,-1924.325863289705,118.0
0.0005,0.002,0.0015,5,0.46,0.51,-2135.362224890894,114.0
0.0005,0.002,0.0015,5,0.47,0.48,-3044.9937442154333,144.0
0.0005,0.002,0.0015,5,0.47,0.49,-2085.7441144369805,135.0
0.0005,0.002,0.0015,5,0.47,0.5,-2482.6770875874063,127.0
0.0005,0.002,0.0015,5,0.47,0.51,-2693.7134491885954,123.0
0.0005,0.002,0.0015,7,0.44,0.48,-1966.1926847106515,108.0
0.0005,0.002,0.0015,7,0.44,0.49,-1074.6726824565267,100.0
0.0005,0.002,0.0015,7,0.44,0.5,-877.1362851832237,93.0
0.0005,0.002,0.0015,7,0.44,0.51,-1136.9750872822187,89.0
0.0005,0.002,0.0015,7,0.45,0.48,-3034.229572268523,115.0
0.0005,0.002,0.0015,7,0.45,0.49,-2142.709570014398,107.0
0.0005,0.002,0.0015,7,0.45,0.5,-1899.4393791007897,100.0
0.0005,0.002,0.0015,7,0.45,0.51,-2159.2781811997847,96.0
0.0005,0.002,0.0015,7,0.46,0.48,-3182.850212993566,120.0
0.0005,0.002,0.0015,7,0.46,0.49,-2145.547039354671,111.0
0.0005,0.002,0.0015,7,0.46,0.5,-2047.864903812675,106.0
0.0005,0.002,0.0015,7,0.46,0.51,-2307.70370591167,102.0
0.0005,0.002,0.0015,7,0.47,0.48,-3255.9092123909795,124.0
0.0005,0.002,0.0015,7,0.47,0.49,-2329.2723420473485,117.0
0.0005,0.002,0.0015,7,0.47,0.5,-2108.1758233046858,111.0
0.0005,0.002,0.0015,7,0.47,0.51,-2368.014625403681,107.0
0.0005,0.002,0.0015,10,0.44,0.48,-1602.972271674982,97.0
0.0005,0.002,0.0015,10,0.44,0.49,-551.8487769088533,89.0
0.0005,0.002,0.0015,10,0.44,0.5,-362.4632870844216,82.0
0.0005,0.002,0.0015,10,0.44,0.51,-297.2898793001805,79.0
0.0005,0.002,0.0015,10,0.45,0.48,-2766.9324004290247,102.0
0.0005,0.002,0.0015,10,0.45,0.49,-1835.2354197963577,95.0
0.0005,0.002,0.0015,10,0.45,0.5,-1625.554832981099,87.0
0.0005,0.002,0.0015,10,0.45,0.51,-1560.381425196858,84.0
0.0005,0.002,0.0015,10,0.46,0.48,-2863.2276726265263,106.0
0.0005,0.002,0.0015,10,0.46,0.49,-1926.4425943300157,99.0
0.0005,0.002,0.0015,10,0.46,0.5,-2122.2544205223967,92.0
0.0005,0.002,0.0015,10,0.46,0.51,-2109.631213397908,89.0
0.0005,0.002,0.0015,10,0.47,0.48,-3267.462898793514,110.0
0.0005,0.002,0.0015,10,0.47,0.49,-2129.228110080556,103.0
0.0005,0.002,0.0015,10,0.47,0.5,-2125.1001567210915,96.0
0.0005,0.002,0.0015,10,0.47,0.51,-2112.476949596603,94.0
0.0005,0.002,0.002,5,0.44,0.48,-787.1921479069861,119.0
0.0005,0.002,0.002,5,0.44,0.49,90.86975039001845,110.0
0.0005,0.002,0.002,5,0.44,0.5,181.91441071149893,101.0
0.0005,0.002,0.002,5,0.44,0.51,-29.121950889690197,97.0
0.0005,0.002,0.002,5,0.45,0.48,-1618.6423957040533,127.0
0.0005,0.002,0.002,5,0.45,0.49,-740.5804974070488,117.0
0.0005,0.002,0.002,5,0.45,0.5,-634.295189934186,109.0
0.0005,0.002,0.002,5,0.45,0.51,-845.3315515353752,105.0
0.0005,0.002,0.002,5,0.46,0.48,-2686.0153296144417,134.0
0.0005,0.002,0.002,5,0.46,0.49,-1777.5832905454154,125.0
0.0005,0.002,0.002,5,0.46,0.5,-1923.1420452255406,117.0
0.0005,0.002,0.002,5,0.46,0.51,-2134.1784068267298,113.0
0.0005,0.002,0.002,5,0.47,0.48,-3043.809926151269,143.0
0.0005,0.002,0.002,5,0.47,0.49,-2084.560296372816,134.0
0.0005,0.002,0.002,5,0.47,0.5,-2481.493269523242,126.0
0.0005,0.002,0.002,5,0.47,0.51,-2692.529631124431,122.0
0.0005,0.002,0.002,7,0.44,0.48,-2006.61942600568,108.0
0.0005,0.002,0.002,7,0.44,0.49,-1104.7017712483066,100.0
0.0005,0.002,0.002,7,0.44,0.5,-907.1653739750036,93.0
0.0005,0.002,0.002,7,0.44,0.51,-1167.0041760739987,89.0
0.0005,0.002,0.002,7,0.45,0.48,-3033.0457542043587,114.0
0.0005,0.002,0.002,7,0.45,0.49,-2131.1280994469853,106.0
0.0005,0.002,0.002,7,0.45,0.5,-1887.8579085333768,99.0
0.0005,0.002,0.002,7,0.45,0.51,-2147.696710632372,95.0
0.0005,0.002,0.002,7,0.46,0.48,-3181.6663949294016,119.0
0.0005,0.002,0.002,7,0.46,0.49,-2133.9655687872582,111.0
0.0005,0.002,0.002,7,0.46,0.5,-2036.2834332452621,105.0
0.0005,0.002,0.002,7,0.46,0.51,-2296.122235344257,101.0
0.0005,0.002,0.002,7,0.47,0.48,-3198.01761193767,124.0
0.0005,0.002,0.002,7,0.47,0.49,-2260.9830890907906,116.0
0.0005,0.002,0.002,7,0.47,0.5,-2096.594352737273,111.0
0.0005,0.002,0.002,7,0.47,0.51,-2356.433154836268,107.0
0.0005,0.002,0.002,10,0.44,0.48,-1601.483920312341,95.0
0.0005,0.002,0.002,10,0.44,0.49,-514.2819166600239,88.0
0.0005,0.002,0.002,10,0.44,0.5,-324.89642683559214,80.0
0.0005,0.002,0.002,10,0.44,0.51,-259.723019051351,77.0
0.0005,0.002,0.002,10,0.45,0.48,-2718.749058649628,100.0
0.0005,0.002,0.002,10,0.45,0.49,-1750.9735691307724,93.0
0.0005,0.002,0.002,10,0.45,0.5,-1541.2929823155137,86.0
0.0005,0.002,0.002,10,0.45,0.51,-1476.1195745312725,83.0
0.0005,0.002,0.002,10,0.46,0.48,-2867.109555778865,105.0
0.0005,0.002,0.002,10,0.46,0.49,-1894.2459685961658,98.0
0.0005,0.002,0.002,10,0.46,0.5,-2090.0577947885467,91.0
0.0005,0.002,0.002,10,0.46,0.51,-2077.434587664058,88.0
0.0005,0.002,0.002,10,0.47,0.48,-3271.3447819458524,109.0
0.0005,0.002,0.002,10,0.47,0.49,-2097.031484346706,102.0
0.0005,0.002,0.002,10,0.47,0.5,-2092.9035309872415,95.0
0.0005,0.002,0.002,10,0.47,0.51,-2080.280323862753,93.0
0.0005,0.002,0.0025,5,0.44,0.48,-787.1921479069861,119.0
0.0005,0.002,0.0025,5,0.44,0.49,90.86975039001845,110.0
0.0005,0.002,0.0025,5,0.44,0.5,181.91441071149893,101.0
0.0005,0.002,0.0025,5,0.44,0.51,-29.121950889690197,97.0
0.0005,0.002,0.0025,5,0.45,0.48,-1618.6423957040533,127.0
0.0005,0.002,0.0025,5,0.45,0.49,-740.5804974070488,117.0
0.0005,0.002,0.0025,5,0.45,0.5,-634.295189934186,109.0
0.0005,0.002,0.0025,5,0.45,0.51,-845.3315515353752,105.0
0.0005,0.002,0.0025,5,0.46,0.48,-2686.0153296144417,134.0
0.0005,0.002,0.0025,5,0.46,0.49,-1777.5832905454154,125.0
0.0005,0.002,0.0025,5,0.46,0.5,-1923.1420452255406,117.0
0.0005,0.002,0.0025,5,0.46,0.51,-2134.1784068267298,113.0
0.0005,0.002,0.0025,5,0.47,0.48,-3043.809926151269,143.0
0.0005,0.002,0.0025,5,0.47,0.49,-2084.560296372816,134.0
0.0005,0.002,0.0025,5,0.47,0.5,-2481.493269523242,126.0
0.0005,0.002,0.0025,5,0.47,0.51,-2692.529631124431,122.0
0.0005,0.002,0.0025,7,0.44,0.48,-2006.61942600568,108.0
0.0005,0.002,0.0025,7,0.44,0.49,-1104.7017712483066,100.0
0.0005,0.002,0.0025,7,0.44,0.5,-907.1653739750036,93.0
0.0005,0.002,0.0025,7,0.44,0.51,-1167.0041760739987,89.0
0.0005,0.002,0.0025,7,0.45,0.48,-3033.0457542043587,114.0
0.0005,0.002,0.0025,7,0.45,0.49,-2131.1280994469853,106.0
0.0005,0.002,0.0025,7,0.45,0.5,-1887.8579085333768,99.0
0.0005,0.002,0.0025,7,0.45,0.51,-2147.696710632372,95.0
0.0005,0.002,0.0025,7,0.46,0.48,-3181.6663949294016,119.0
0.0005,0.002,0.0025,7,0.46,0.49,-2133.9655687872582,111.0
0.0005,0.002,0.0025,7,0.46,0.5,-2036.2834332452621,105.0
0.0005,0.002,0.0025,7,0.46,0.51,-2296.122235344257,101.0
0.0005,0.002,0.0025,7,0.47,0.48,-3198.01761193767,124.0
0.0005,0.002,0.0025,7,0.47,0.49,-2260.9830890907906,116.0
0.0005,0.002,0.0025,7,0.47,0.5,-2096.594352737273,111.0
0.0005,0.002,0.0025,7,0.47,0.51,-2356.433154836268,107.0
0.0005,0.002,0.0025,10,0.44,0.48,-1537.5774045650614,95.0
0.0005,0.002,0.0025,10,0.44,0.49,-575.1496365382773,88.0
0.0005,0.002,0.0025,10,0.44,0.5,-385.76414671384555,80.0
0.0005,0.002,0.0025,10,0.44,0.51,-320.5907389296044,77.0
0.0005,0.002,0.0025,10,0.45,0.48,-2654.842542902348,100.0
0.0005,0.002,0.0025,10,0.45,0.49,-1811.8412890090258,93.0
0.0005,0.002,0.0025,10,0.45,0.5,-1602.160702193767,86.0
0.0005,0.002,0.0025,10,0.45,0.51,-1536.987294409526,83.0
0.0005,0.002,0.0025,10,0.46,0.48,-2803.2030400315853,105.0
0.0005,0.002,0.0025,10,0.46,0.49,-1955.1136884744192,98.0
0.0005,0.002,0.0025,10,0.46,0.5,-2150.9255146668,91.0
0.0005,0.002,0.0025,10,0.46,0.51,-2138.3023075423116,88.0
0.0005,0.002,0.0025,10,0.47,0.48,-3207.438266198573,109.0
0.0005,0.002,0.0025,10,0.47,0.49,-2157.8992042249592,102.0
0.0005,0.002,0.0025,10,0.47,0.5,-2153.771250865495,95.0
0.0005,0.002,0.0025,10,0.47,0.51,-2141.1480437410064,93.0
0.0005,0.0025,0.0015,5,0.44,0.48,-785.8954738552566,120.0
0.0005,0.0025,0.0015,5,0.44,0.49,92.16642444174795,110.0
0.0005,0.0025,0.0015,5,0.44,0.5,162.58808897421113,102.0
0.0005,0.0025,0.0015,5,0.44,0.51,-48.448272626977996,98.0
0.0005,0.0025,0.0015,5,0.45,0.48,-1617.3457216523238,127.0
0.0005,0.0025,0.0015,5,0.45,0.49,-739.2838233553193,118.0
0.0005,0.0025,0.0015,5,0.45,0.5,-653.6215116714739,109.0
0.0005,0.0025,0.0015,5,0.45,0.51,-864.657873272663,105.0
0.0005,0.0025,0.0015,5,0.46,0.48,-2710.534134676607,135.0
0.0005,0.0025,0.0015,5,0.46,0.49,-1802.1020956075808,125.0
0.0005,0.0025,0.0015,5,0.46,0.5,-1968.2838460767234,118.0
0.0005,0.0025,0.0015,5,0.46,0.51,-2179.3202076779125,114.0
0.0005,0.0025,0.0015,5,0.47,0.48,-3158.352989054998,143.0
0.0005,0.0025,0.0015,5,0.47,0.49,-2199.1033592765452,134.0
0.0005,0.0025,0.0015,5,0.47,0.5,-2616.6593282159884,126.0
0.0005,0.0025,0.0015,5,0.47,0.51,-2827.6956898171775,122.0
0.0005,0.0025,0.0015,7,0.44,0.48,-1543.6388538364845,107.0
0.0005,0.0025,0.0015,7,0.44,0.49,-652.1188515823596,99.0
0.0005,0.0025,0.0015,7,0.44,0.5,-564.5127741516626,92.0
0.0005,0.0025,0.0015,7,0.44,0.51,-881.5773413500283,88.0
0.0005,0.0025,0.0015,7,0.45,0.48,-2562.4552872136846,113.0
0.0005,0.0025,0.0015,7,0.45,0.49,-1670.9352849595598,105.0
0.0005,0.0025,0.0015,7,0.45,0.5,-1537.5954138885572,98.0
0.0005,0.0025,0.0015,7,0.45,0.51,-1854.659981086923,94.0
0.0005,0.0025,0.0015,7,0.46,0.48,-2877.37812025116,118.0
0.0005,0.0025,0.0015,7,0.46,0.49,-1840.0749466122652,109.0
0.0005,0.0025,0.0015,7,0.46,0.5,-1852.323130912875,104.0
0.0005,0.0025,0.0015,7,0.46,0.51,-2169.3876981112408,100.0
0.0005,0.0025,0.0015,7,0.47,0.48,-3055.9876198907878,123.0
0.0005,0.0025,0.0015,7,0.47,0.49,-2129.3507495471567,115.0
0.0005,0.0025,0.0015,7,0.47,0.5,-2018.1845506471,110.0
0.0005,0.0025,0.0015,7,0.47,0.51,-2335.2491178454657,106.0
0.0005,0.0025,0.0015,10,0.44,0.48,-1069.0674148888647,96.0
0.0005,0.0025,0.0015,10,0.44,0.49,-17.943920122736017,89.0
0.0005,0.0025,0.0015,10,0.44,0.5,19.803005918947747,81.0
0.0005,0.0025,0.0015,10,0.44,0.51,27.750648603818263,78.0
0.0005,0.0025,0.0015,10,0.45,0.48,-2067.05577595011,101.0
0.0005,0.0025,0.0015,10,0.45,0.49,-1135.3587953174429,94.0
0.0005,0.0025,0.0015,10,0.45,0.5,-1123.0673472869676,86.0
0.0005,0.0025,0.0015,10,0.45,0.51,-1115.119704602097,83.0
0.0005,0.0025,0.0015,10,0.46,0.48,-2366.7075408816745,106.0
0.0005,0.0025,0.0015,10,0.46,0.49,-1429.9224625851639,99.0
0.0005,0.0025,0.0015,10,0.46,0.5,-1823.1234275623283,91.0
0.0005,0.0025,0.0015,10,0.46,0.51,-1867.7259855372104,89.0
0.0005,0.0025,0.0015,10,0.47,0.48,-2933.0627376258344,110.0
0.0005,0.0025,0.0015,10,0.47,0.49,-1794.8279489128763,103.0
0.0005,0.0025,0.0015,10,0.47,0.5,-2100.260296133085,96.0
0.0005,0.0025,0.0015,10,0.47,0.51,-2144.862854107967,93.0
0.0005,0.0025,0.002,5,0.44,0.48,-784.7116557910922,119.0
0.0005,0.0025,0.002,5,0.44,0.49,93.35024250591232,110.0
0.0005,0.0025,0.002,5,0.44,0.5,163.7719070383755,101.0
0.0005,0.0025,0.002,5,0.44,0.51,-47.264454562813626,97.0
0.0005,0.0025,0.002,5,0.45,0.48,-1616.1619035881595,127.0
0.0005,0.0025,0.002,5,0.45,0.49,-738.100005291155,117.0
0.0005,0.0025,0.002,5,0.45,0.5,-652.4376936073095,109.0
0.0005,0.0025,0.002,5,0.45,0.51,-863.4740552084986,105.0
0.0005,0.0025,0.002,5,0.46,0.48,-2709.350316612443,134.0
0.0005,0.0025,0.002,5,0.46,0.49,-1800.9182775434165,125.0
0.0005,0.0025,0.002,5,0.46,0.5,-1967.100028012559,117.0
0.0005,0.0025,0.002,5,0.46,0.51,-2178.136389613748,113.0
0.0005,0.0025,0.002,5,0.47,0.48,-3157.1691709908337,143.0
0.0005,0.0025,0.002,5,0.47,0.49,-2197.919541212381,134.0
0.0005,0.0025,0.002,5,0.47,0.5,-2615.475510151824,126.0
0.0005,0.0025,0.002,5,0.47,0.51,-2826.511871753013,122.0
0.0005,0.0025,0.002,7,0.44,0.48,-1582.8887551315129,106.0
0.0005,0.0025,0.002,7,0.44,0.49,-680.9711003741395,98.0
0.0005,0.0025,0.002,7,0.44,0.5,-593.3650229434425,91.0
0.0005,0.0025,0.002,7,0.44,0.51,-910.4295901418081,87.0
0.0005,0.0025,0.002,7,0.45,0.48,-2601.705188508713,112.0
0.0005,0.0025,0.002,7,0.45,0.49,-1699.7875337513397,104.0
0.0005,0.0025,0.002,7,0.45,0.5,-1566.447662680337,97.0
0.0005,0.0025,0.002,7,0.45,0.51,-1883.5122298787028,93.0
0.0005,0.0025,0.002,7,0.46,0.48,-2916.6280215461884,117.0
0.0005,0.0025,0.002,7,0.46,0.49,-1868.927195404045,108.0
0.0005,0.0025,0.002,7,0.46,0.5,-1881.175379704655,103.0
0.0005,0.0025,0.002,7,0.46,0.51,-2198.2399469030206,99.0
0.0005,0.0025,0.002,7,0.47,0.48,-3038.529738796671,122.0
0.0005,0.0025,0.002,7,0.47,0.49,-2101.4952159497916,114.0
0.0005,0.0025,0.002,7,0.47,0.5,-2047.0367994388798,109.0
0.0005,0.0025,0.002,7,0.47,0.51,-2364.1013666372455,105.0
0.0005,0.0025,0.002,10,0.44,0.48,-1056.9098266348446,95.0
0.0005,0.0025,0.002,10,0.44,0.49,30.292177017472568,87.0
0.0005,0.0025,0.002,10,0.44,0.5,68.03910305915633,80.0
0.0005,0.0025,0.002,10,0.44,0.51,75.98674574402685,77.0
0.0005,0.0025,0.002,10,0.45,0.48,-2049.8137566385267,99.0
0.0005,0.0025,0.002,10,0.45,0.49,-1082.0382671196712,92.0
0.0005,0.0025,0.002,10,0.45,0.5,-1069.746819089196,85.0
0.0005,0.0025,0.002,10,0.45,0.51,-1061.7991764043254,82.0
0.0005,0.0025,0.002,10,0.46,0.48,-2401.530746501827,105.0
0.0005,0.0025,0.002,10,0.46,0.49,-1428.6671593191277,98.0
0.0005,0.0025,0.002,10,0.46,0.5,-1821.868124296292,90.0
0.0005,0.0025,0.002,10,0.46,0.51,-1866.4706822711742,88.0
0.0005,0.0025,0.002,10,0.47,0.48,-2967.8859432459867,109.0
0.0005,0.0025,0.002,10,0.47,0.49,-1793.57264564684,102.0
0.0005,0.0025,0.002,10,0.47,0.5,-2051.390166309313,94.0
0.0005,0.0025,0.002,10,0.47,0.51,-2095.992724284195,92.0
0.0005,0.0025,0.0025,5,0.44,0.48,-784.7116557910922,119.0
0.0005,0.0025,0.0025,5,0.44,0.49,93.35024250591232,110.0
0.0005,0.0025,0.0025,5,0.44,0.5,163.7719070383755,101.0
0.0005,0.0025,0.0025,5,0.44,0.51,-47.264454562813626,97.0
0.0005,0.0025,0.0025,5,0.45,0.48,-1616.1619035881595,127.0
0.0005,0.0025,0.0025,5,0.45,0.49,-738.100005291155,117.0
0.0005,0.0025,0.0025,5,0.45,0.5,-652.4376936073095,109.0
0.0005,0.0025,0.0025,5,0.45,0.51,-863.4740552084986,105.0
0.0005,0.0025,0.0025,5,0.46,0.48,-2709.350316612443,134.0
0.0005,0.0025,0.0025,5,0.46,0.49,-1800.9182775434165,125.0
0.0005,0.0025,0.0025,5,0.46,0.5,-1967.100028012559,117.0
0.0005,0.0025,0.0025,5,0.46,0.51,-2178.136389613748,113.0
0.0005,0.0025,0.0025,5,0.47,0.48,-3157.1691709908337,143.0
0.0005,0.0025,0.0025,5,0.47,0.49,-2197.919541212381,134.0
0.0005,0.0025,0.0025,5,0.47,0.5,-2615.475510151824,126.0
0.0005,0.0025,0.0025,5,0.47,0.51,-2826.511871753013,122.0
0.0005,0.0025,0.0025,7,0.44,0.48,-1582.8887551315129,106.0
0.0005,0.0025,0.0025,7,0.44,0.49,-680.9711003741395,98.0
0.0005,0.0025,0.0025,7,0.44,0.5,-593.3650229434425,91.0
0.0005,0.0025,0.0025,7,0.44,0.51,-910.4295901418081,87.0
0.0005,0.0025,0.0025,7,0.45,0.48,-2601.705188508713,112.0
0.0005,0.0025,0.0025,7,0.45,0.49,-1699.7875337513397,104.0
0.0005,0.0025,0.0025,7,0.45,0.5,-1566.447662680337,97.0
0.0005,0.0025,0.0025,7,0.45,0.51,-1883.5122298787028,93.0
0.0005,0.0025,0.0025,7,0.46,0.48,-2916.6280215461884,117.0
0.0005,0.0025,0.0025,7,0.46,0.49,-1868.927195404045,108.0
0.0005,0.0025,0.0025,7,0.46,0.5,-1881.175379704655,103.0
0.0005,0.0025,0.0025,7,0.46,0.51,-2198.2399469030206,99.0
0.0005,0.0025,0.0025,7,0.47,0.48,-3038.529738796671,122.0
0.0005,0.0025,0.0025,7,0.47,0.49,-2101.4952159497916,114.0
0.0005,0.0025,0.0025,7,0.47,0.5,-2047.0367994388798,109.0
0.0005,0.0025,0.0025,7,0.47,0.51,-2364.1013666372455,105.0
0.0005,0.0025,0.0025,10,0.44,0.48,-993.003310887565,94.0
0.0005,0.0025,0.0025,10,0.44,0.49,-30.575542860780843,87.0
0.0005,0.0025,0.0025,10,0.44,0.5,7.171383180902922,80.0
0.0005,0.0025,0.0025,10,0.44,0.51,15.119025865773438,77.0
0.0005,0.0025,0.0025,10,0.45,0.48,-1985.907240891247,99.0
0.0005,0.0025,0.0025,10,0.45,0.49,-1142.9059869979246,92.0
0.0005,0.0025,0.0025,10,0.45,0.5,-1130.6145389674493,85.0
0.0005,0.0025,0.0025,10,0.45,0.51,-1122.6668962825788,82.0
0.0005,0.0025,0.0025,10,0.46,0.48,-2337.624230754547,104.0
0.0005,0.0025,0.0025,10,0.46,0.49,-1489.534879197381,98.0
0.0005,0.0025,0.0025,10,0.46,0.5,-1882.7358441745455,90.0
0.0005,0.0025,0.0025,10,0.46,0.51,-1927.3384021494276,88.0
0.0005,0.0025,0.0025,10,0.47,0.48,-2903.979427498707,109.0
0.0005,0.0025,0.0025,10,0.47,0.49,-1854.4403655250935,102.0
0.0005,0.0025,0.0025,10,0.47,0.5,-2112.2578861875663,94.0
0.0005,0.0025,0.0025,10,0.47,0.51,-2156.8604441624484,92.0
0.0005,0.003,0.0015,5,0.44,0.48,-647.7260430386523,119.0
0.0005,0.003,0.0015,5,0.44,0.49,230.33585525835224,109.0
0.0005,0.003,0.0015,5,0.44,0.5,439.01971675518143,101.0
0.0005,0.003,0.0015,5,0.44,0.51,227.9833551539923,97.0
0.0005,0.003,0.0015,5,0.45,0.48,-1479.1762908357196,126.0
0.0005,0.003,0.0015,5,0.45,0.49,-601.114392538715,117.0
0.0005,0.003,0.0015,5,0.45,0.5,-377.18988389050355,108.0
0.0005,0.003,0.0015,5,0.45,0.51,-588.2262454916927,104.0
0.0005,0.003,0.0015,5,0.46,0.48,-2542.7228420415486,134.0
0.0005,0.003,0.0015,5,0.46,0.49,-1634.2908029725222,125.0
0.0005,0.003,0.0015,5,0.46,0.5,-1662.2103564772988,117.0
0.0005,0.003,0.0015,5,0.46,0.51,-1873.246718078488,113.0
0.0005,0.003,0.0015,5,0.47,0.48,-2990.5416964199394,143.0
0.0005,0.003,0.0015,5,0.47,0.49,-2031.2920666414866,134.0
0.0005,0.003,0.0015,5,0.47,0.5,-2310.5858386165637,126.0
0.0005,0.003,0.0015,5,0.47,0.51,-2521.622200217753,122.0
0.0005,0.003,0.0015,7,0.44,0.48,-1795.3944340432645,107.0
0.0005,0.003,0.0015,7,0.44,0.49,-903.8744317891396,99.0
0.0005,0.003,0.0015,7,0.44,0.5,-566.7257806515263,92.0
0.0005,0.003,0.0015,7,0.44,0.51,-883.790347849892,88.0
0.0005,0.003,0.0015,7,0.45,0.48,-2866.453394130702,113.0
0.0005,0.003,0.0015,7,0.45,0.49,-1974.933391876577,105.0
0.0005,0.003,0.0015,7,0.45,0.5,-1592.050947098658,98.0
0.0005,0.003,0.0015,7,0.45,0.51,-1909.1155142970238,94.0
0.0005,0.003,0.0015,7,0.46,0.48,-3177.2668648365216,118.0
0.0005,0.003,0.0015,7,0.46,0.49,-2139.9636911976268,110.0
0.0005,0.003,0.0015,7,0.46,0.5,-1902.6693017913203,104.0
0.0005,0.003,0.0015,7,0.46,0.51,-2219.733868989686,100.0
0.0005,0.003,0.0015,7,0.47,0.48,-3250.325864233935,123.0
0.0005,0.003,0.0015,7,0.47,0.49,-2323.688993890304,115.0
0.0005,0.003,0.0015,7,0.47,0.5,-2033.8220052281831,109.0
0.0005,0.003,0.0015,7,0.47,0.51,-2350.886572426549,105.0
0.0005,0.003,0.0015,10,0.44,0.48,-1017.4660093673447,95.0
0.0005,0.003,0.0015,10,0.44,0.49,33.65748539878405,87.0
0.0005,0.003,0.0015,10,0.44,0.5,153.00329573027557,80.0
0.0005,0.003,0.0015,10,0.44,0.51,149.61110150154855,77.0
0.0005,0.003,0.0015,10,0.45,0.48,-2036.3441253122728,99.0
0.0005,0.003,0.0015,10,0.45,0.49,-1104.6471446796058,92.0
0.0005,0.003,0.0015,10,0.45,0.5,-1010.7568123593228,85.0
0.0005,0.003,0.0015,10,0.45,0.51,-1014.1490065880498,82.0
0.0005,0.003,0.0015,10,0.46,0.48,-2426.9436705238186,104.0
0.0005,0.003,0.0015,10,0.46,0.49,-1490.158592227308,97.0
0.0005,0.003,0.0015,10,0.46,0.5,-1691.2211775298783,90.0
0.0005,0.003,0.0015,10,0.46,0.51,-1694.6133717586054,87.0
0.0005,0.003,0.0015,10,0.47,0.48,-2842.877226737386,108.0
0.0005,0.003,0.0015,10,0.47,0.49,-1704.642438024428,101.0
0.0005,0.003,0.0015,10,0.47,0.5,-1935.1782195663109,94.0
0.0005,0.003,0.0015,10,0.47,0.51,-1938.570413795038,91.0
0.0005,0.003,0.002,5,0.44,0.48,-646.5422249744879,118.0
0.0005,0.003,0.002,5,0.44,0.49,231.5196733225166,109.0
0.0005,0.003,0.002,5,0.44,0.5,440.2035348193458,100.0
0.0005,0.003,0.002,5,0.44,0.51,229.16717321815668,96.0
0.0005,0.003,0.002,5,0.45,0.48,-1477.9924727715552,126.0
0.0005,0.003,0.002,5,0.45,0.49,-599.9305744745507,116.0
0.0005,0.003,0.002,5,0.45,0.5,-376.0060658263392,108.0
0.0005,0.003,0.002,5,0.45,0.51,-587.0424274275283,104.0
0.0005,0.003,0.002,5,0.46,0.48,-2541.539023977384,134.0
0.0005,0.003,0.002,5,0.46,0.49,-1633.1069849083578,124.0
0.0005,0.003,0.002,5,0.46,0.5,-1661.0265384131344,117.0
0.0005,0.003,0.002,5,0.46,0.51,-1872.0629000143235,113.0
0.0005,0.003,0.002,5,0.47,0.48,-2989.357878355775,142.0
0.0005,0.003,0.002,5,0.47,0.49,-2030.1082485773222,133.0
0.0005,0.003,0.002,5,0.47,0.5,-2309.4020205523993,125.0
0.0005,0.003,0.002,5,0.47,0.51,-2520.4383821535885,121.0
0.0005,0.003,0.002,7,0.44,0.48,-1835.821175338293,106.0
0.0005,0.003,0.002,7,0.44,0.49,-933.9035205809196,98.0
0.0005,0.003,0.002,7,0.44,0.5,-596.7548694433062,91.0
0.0005,0.003,0.002,7,0.44,0.51,-913.8194366416719,87.0
0.0005,0.003,0.002,7,0.45,0.48,-2906.8801354257303,112.0
0.0005,0.003,0.002,7,0.45,0.49,-2004.9624806683569,104.0
0.0005,0.003,0.002,7,0.45,0.5,-1622.080035890438,97.0
0.0005,0.003,0.002,7,0.45,0.51,-1939.1446030888037,93.0
0.0005,0.003,0.002,7,0.46,0.48,-3217.69360613155,118.0
0.0005,0.003,0.002,7,0.46,0.49,-2169.9927799894067,109.0
0.0005,0.003,0.002,7,0.46,0.5,-1932.6983905831003,104.0
0.0005,0.003,0.002,7,0.46,0.51,-2249.762957781466,100.0
0.0005,0.003,0.002,7,0.47,0.48,-3234.0448231398186,122.0
0.0005,0.003,0.002,7,0.47,0.49,-2297.010300292939,115.0
0.0005,0.003,0.002,7,0.47,0.5,-2063.851094019963,109.0
0.0005,0.003,0.002,7,0.47,0.51,-2380.9156612183288,105.0
0.0005,0.003,0.002,10,0.44,0.48,-1006.4852611133247,94.0
0.0005,0.003,0.002,10,0.44,0.49,80.71674253899255,86.0
0.0005,0.003,0.002,10,0.44,0.5,200.06255287048407,79.0
0.0005,0.003,0.002,10,0.44,0.51,196.67035864175705,76.0
0.0005,0.003,0.002,10,0.45,0.48,-2020.2789460006898,98.0
0.0005,0.003,0.002,10,0.45,0.49,-1052.5034564818343,91.0
0.0005,0.003,0.002,10,0.45,0.5,-958.6131241615512,84.0
0.0005,0.003,0.002,10,0.45,0.51,-962.0053183902783,81.0
0.0005,0.003,0.002,10,0.46,0.48,-2462.943716143971,103.0
0.0005,0.003,0.002,10,0.46,0.49,-1490.0801289612718,96.0
0.0005,0.003,0.002,10,0.46,0.5,-1691.1427142638422,90.0
0.0005,0.003,0.002,10,0.46,0.51,-1694.5349084925692,87.0
0.0005,0.003,0.002,10,0.47,0.48,-2878.8772723575385,108.0
0.0005,0.003,0.002,10,0.47,0.49,-1704.5639747583919,101.0
0.0005,0.003,0.002,10,0.47,0.5,-1935.0997563002747,94.0
0.0005,0.003,0.002,10,0.47,0.51,-1938.4919505290018,91.0
0.0005,0.003,0.0025,5,0.44,0.48,-646.5422249744879,118.0
0.0005,0.003,0.0025,5,0.44,0.49,231.5196733225166,109.0
0.0005,0.003,0.0025,5,0.44,0.5,440.2035348193458,100.0
0.0005,0.003,0.0025,5,0.44,0.51,229.16717321815668,96.0
0.0005,0.003,0.0025,5,0.45,0.48,-1477.9924727715552,126.0
0.0005,0.003,0.0025,5,0.45,0.49,-599.9305744745507,116.0
0.0005,0.003,0.0025,5,0.45,0.5,-376.0060658263392,108.0
0.0005,0.003,0.0025,5,0.45,0.51,-587.0424274275283,104.0
0.0005,0.003,0.0025,5,0.46,0.48,-2541.539023977384,134.0
0.0005,0.003,0.0025,5,0.46,0.49,-1633.1069849083578,124.0
0.0005,0.003,0.0025,5,0.46,0.5,-1661.0265384131344,117.0
0.0005,0.003,0.0025,5,0.46,0.51,-1872.0629000143235,113.0
0.0005,0.003,0.0025,5,0.47,0.48,-2989.357878355775,142.0
0.0005,0.003,0.0025,5,0.47,0.49,-2030.1082485773222,133.0
0.0005,0.003,0.0025,5,0.47,0.5,-2309.4020205523993,125.0
0.0005,0.003,0.0025,5,0.47,0.51,-2520.4383821535885,121.0
0.0005,0.003,0.0025,7,0.44,0.48,-1835.821175338293,106.0
0.0005,0.003,0.0025,7,0.44,0.49,-933.9035205809196,98.0
0.0005,0.003,0.0025,7,0.44,0.5,-596.7548694433062,91.0
0.0005,0.003,0.0025,7,0.44,0.51,-913.8194366416719,87.0
0.0005,0.003,0.0025,7,0.45,0.48,-2906.8801354257303,112.0
0.0005,0.003,0.0025,7,0.45,0.49,-2004.9624806683569,104.0
0.0005,0.003,0.0025,7,0.45,0.5,-1622.080035890438,97.0
0.0005,0.003,0.0025,7,0.45,0.51,-1939.1446030888037,93.0
0.0005,0.003,0.0025,7,0.46,0.48,-3217.69360613155,118.0
0.0005,0.003,0.0025,7,0.46,0.49,-2169.9927799894067,109.0
0.0005,0.003,0.0025,7,0.46,0.5,-1932.6983905831003,104.0
0.0005,0.003,0.0025,7,0.46,0.51,-2249.762957781466,100.0
0.0005,0.003,0.0025,7,0.47,0.48,-3234.0448231398186,122.0
0.0005,0.003,0.0025,7,0.47,0.49,-2297.010300292939,115.0
0.0005,0.003,0.0025,7,0.47,0.5,-2063.851094019963,109.0
0.0005,0.003,0.0025,7,0.47,0.51,-2380.9156612183288,105.0
0.0005,0.003,0.0025,10,0.44,0.48,-805.2658189067006,93.0
0.0005,0.003,0.0025,10,0.44,0.49,157.1619491200836,86.0
0.0005,0.003,0.0025,10,0.44,0.5,276.5077594515751,79.0
0.0005,0.003,0.0025,10,0.44,0.51,273.1155652228481,76.0
0.0005,0.003,0.0025,10,0.45,0.48,-1819.0595037940657,98.0
0.0005,0.003,0.0025,10,0.45,0.49,-976.0582499007432,91.0
0.0005,0.003,0.0025,10,0.45,0.5,-882.1679175804602,84.0
0.0005,0.003,0.0025,10,0.45,0.51,-885.5601118091872,81.0
0.0005,0.003,0.0025,10,0.46,0.48,-2261.724273937347,103.0
0.0005,0.003,0.0025,10,0.46,0.49,-1413.6349223801808,96.0
0.0005,0.003,0.0025,10,0.46,0.5,-1614.6975076827512,90.0
0.0005,0.003,0.0025,10,0.46,0.51,-1618.0897019114782,87.0
0.0005,0.003,0.0025,10,0.47,0.48,-2677.6578301509144,107.0
0.0005,0.003,0.0025,10,0.47,0.49,-1628.1187681773008,101.0
0.0005,0.003,0.0025,10,0.47,0.5,-1858.6545497191837,94.0
0.0005,0.003,0.0025,10,0.47,0.51,-1862.0467439479107,91.0
0.001,0.002,0.0015,5,0.44,0.48,-1155.1399935192603,109.0
0.001,0.002,0.0015,5,0.44,0.49,-615.4952350100939,102.0
0.001,0.002,0.0015,5,0.44,0.5,-650.9320838479616,93.0
0.001,0.002,0.0015,5,0.44,0.51,-247.5542300187808,89.0
0.001,0.002,0.0015,5,0.45,0.48,-2732.5983081841987,116.0
0.001,0.002,0.0015,5,0.45,0.49,-2199.165049270043,110.0
0.001,0.002,0.0015,5,0.45,0.5,-2183.8034986385173,101.0
0.001,0.002,0.0015,5,0.45,0.51,-1780.4256448093365,96.0
0.001,0.002,0.0015,5,0.46,0.48,-3491.4066020992614,123.0
0.001,0.002,0.0015,5,0.46,0.49,-2944.113525302979,117.0
0.001,0.002,0.0015,5,0.46,0.5,-3139.639332684106,109.0
0.001,0.002,0.0015,5,0.46,0.51,-2675.4290227946767,104.0
0.001,0.002,0.0015,5,0.47,0.48,-4299.727856462108,128.0
0.001,0.002,0.0015,5,0.47,0.49,-3824.6215019318624,122.0
0.001,0.002,0.0015,5,0.47,0.5,-3824.69454900852,114.0
0.001,0.002,0.0015,5,0.47,0.51,-3314.945919545571,110.0
0.001,0.002,0.0015,7,0.44,0.48,-2137.530888396039,91.0
0.001,0.002,0.0015,7,0.44,0.49,-1599.3141103246599,87.0
0.001,0.002,0.0015,7,0.44,0.5,-1107.799509938428,81.0
0.001,0.002,0.0015,7,0.44,0.51,-562.1302926288481,76.0
0.001,0.002,0.0015,7,0.45,0.48,-3660.5337100358884,97.0
0.001,0.002,0.0015,7,0.45,0.49,-3132.3560019883444,93.0
0.001,0.002,0.0015,7,0.45,0.5,-2620.5135365239257,87.0
0.001,0.002,0.0015,7,0.45,0.51,-2074.844319214346,82.0
0.001,0.002,0.0015,7,0.46,0.48,-3899.493435509401,102.0
0.001,0.002,0.0015,7,0.46,0.49,-3127.767926542292,97.0
0.001,0.002,0.0015,7,0.46,0.5,-2754.2675721794076,92.0
0.001,0.002,0.0015,7,0.46,0.51,-2208.5983548698277,87.0
0.001,0.002,0.0015,7,0.47,0.48,-4665.8810666387435,105.0
0.001,0.002,0.0015,7,0.47,0.49,-3873.5784886299225,101.0
0.001,0.002,0.0015,7,0.47,0.5,-3341.5058796827507,95.0
0.001,0.002,0.0015,7,0.47,0.51,-2519.262131958225,91.0
0.001,0.002,0.0015,10,0.44,0.48,-2618.259471760277,81.0
0.001,0.002,0.0015,10,0.44,0.49,-2343.6995049827674,78.0
0.001,0.002,0.0015,10,0.44,0.5,-1529.6125051982526,72.0
0.001,0.002,0.0015,10,0.44,0.51,-287.4432197894348,69.0
0.001,0.002,0.0015,10,0.45,0.48,-3920.147934173612,86.0
0.001,0.002,0.0015,10,0.45,0.49,-3770.0736409794918,83.0
0.001,0.002,0.0015,10,0.45,0.5,-2939.5300441758445,76.0
0.001,0.002,0.0015,10,0.45,0.51,-1697.3607587670267,73.0
0.001,0.002,0.0015,10,0.46,0.48,-3902.4524355906906,89.0
0.001,0.002,0.0015,10,0.46,0.49,-3566.3795433584746,86.0
0.001,0.002,0.0015,10,0.46,0.5,-3212.198238439174,79.0
0.001,0.002,0.0015,10,0.46,0.51,-2393.1320742071257,76.0
0.001,0.002,0.0015,10,0.47,0.48,-4539.495882652758,93.0
0.001,0.002,0.0015,10,0.47,0.49,-3953.6734375601372,89.0
0.001,0.002,0.0015,10,0.47,0.5,-3786.3144259323453,82.0
0.001,0.002,0.0015,10,0.47,0.51,-2654.35558495039,78.0
0.001,0.002,0.002,5,0.44,0.48,-1511.6044813919143,109.0
0.001,0.002,0.002,5,0.44,0.49,-971.9597228827479,102.0
0.001,0.002,0.002,5,0.44,0.5,-859.2795603170671,93.0
0.001,0.002,0.002,5,0.44,0.51,-455.90170648788626,88.0
0.001,0.002,0.002,5,0.45,0.48,-2923.410758434795,115.0
0.001,0.002,0.002,5,0.45,0.49,-2389.977499520639,109.0
0.001,0.002,0.002,5,0.45,0.5,-2226.498937485565,100.0
0.001,0.002,0.002,5,0.45,0.51,-1823.1210836563841,95.0
0.001,0.002,0.002,5,0.46,0.48,-3434.3803127855354,121.0
0.001,0.002,0.002,5,0.46,0.49,-2887.087235989253,115.0
0.001,0.002,0.002,5,0.46,0.5,-2934.4960319668317,107.0
0.001,0.002,0.002,5,0.46,0.51,-2470.285722077402,102.0
0.001,0.002,0.002,5,0.47,0.48,-4383.276799688785,127.0
0.001,0.002,0.002,5,0.47,0.49,-3908.170445158539,121.0
0.001,0.002,0.002,5,0.47,0.5,-3760.126480831648,113.0
0.001,0.002,0.002,5,0.47,0.51,-3250.3778513686993,109.0
0.001,0.002,0.002,7,0.44,0.48,-2678.488161682035,90.0
0.001,0.002,0.002,7,0.44,0.49,-1903.6525172126858,86.0
0.001,0.002,0.002,7,0.44,0.5,-1264.0209054229053,80.0
0.001,0.002,0.002,7,0.44,0.51,-718.3516881133255,76.0
0.001,0.002,0.002,7,0.45,0.48,-4062.57768752877,96.0
0.001,0.002,0.002,7,0.45,0.49,-3297.781113083256,92.0
0.001,0.002,0.002,7,0.45,0.5,-2597.146187754828,86.0
0.001,0.002,0.002,7,0.45,0.51,-2051.4769704452483,81.0
0.001,0.002,0.002,7,0.46,0.48,-4212.4068863531575,100.0
0.001,0.002,0.002,7,0.46,0.49,-3204.0625109880784,96.0
0.001,0.002,0.002,7,0.46,0.5,-2641.7696967611846,90.0
0.001,0.002,0.002,7,0.46,0.51,-2096.1004794516048,86.0
0.001,0.002,0.002,7,0.47,0.48,-4749.629362301726,104.0
0.001,0.002,0.002,7,0.47,0.49,-3720.7079178949352,100.0
0.001,0.002,0.002,7,0.47,0.5,-2999.842849083754,94.0
0.001,0.002,0.002,7,0.47,0.51,-2177.5991013592284,90.0
0.001,0.002,0.002,10,0.44,0.48,-2317.8796861566516,79.0
0.001,0.002,0.002,10,0.44,0.49,-2064.387914353749,76.0
0.001,0.002,0.002,10,0.44,0.5,-563.4590208047448,70.0
0.001,0.002,0.002,10,0.44,0.51,85.21177478561003,67.0
0.001,0.002,0.002,10,0.45,0.48,-3783.0604778098204,83.0
0.001,0.002,0.002,10,0.45,0.49,-3674.8391111055826,81.0
0.001,0.002,0.002,10,0.45,0.5,-2116.765759746064,74.0
0.001,0.002,0.002,10,0.45,0.51,-1468.094964155709,71.0
0.001,0.002,0.002,10,0.46,0.48,-3621.044616091851,86.0
0.001,0.002,0.002,10,0.46,0.49,-3285.8681567859603,84.0
0.001,0.002,0.002,10,0.46,0.5,-2732.47664742115,77.0
0.001,0.002,0.002,10,0.46,0.51,-2019.54591646076,73.0
0.001,0.002,0.002,10,0.47,0.48,-4081.124179021979,90.0
0.001,0.002,0.002,10,0.47,0.49,-3496.1981668556837,86.0
0.001,0.002,0.002,10,0.47,0.5,-3129.628950782382,79.0
0.001,0.002,0.002,10,0.47,0.51,-2103.805543072085,76.0
0.001,0.002,0.0025,5,0.44,0.48,-1511.6044813919143,109.0
0.001,0.002,0.0025,5,0.44,0.49,-971.9597228827479,102.0
0.001,0.002,0.0025,5,0.44,0.5,-859.2795603170671,93.0
0.001,0.002,0.0025,5,0.44,0.51,-455.90170648788626,88.0
0.001,0.002,0.0025,5,0.45,0.48,-2923.410758434795,115.0
0.001,0.002,0.0025,5,0.45,0.49,-2389.977499520639,109.0
0.001,0.002,0.0025,5,0.45,0.5,-2226.498937485565,100.0
0.001,0.002,0.0025,5,0.45,0.51,-1823.1210836563841,95.0
0.001,0.002,0.0025,5,0.46,0.48,-3434.3803127855354,121.0
0.001,0.002,0.0025,5,0.46,0.49,-2887.087235989253,115.0
0.001,0.002,0.0025,5,0.46,0.5,-2934.4960319668317,107.0
0.001,0.002,0.0025,5,0.46,0.51,-2470.285722077402,102.0
0.001,0.002,0.0025,5,0.47,0.48,-4383.276799688785,127.0
0.001,0.002,0.0025,5,0.47,0.49,-3908.170445158539,121.0
0.001,0.002,0.0025,5,0.47,0.5,-3760.126480831648,113.0
0.001,0.002,0.0025,5,0.47,0.51,-3250.3778513686993,109.0
0.001,0.002,0.0025,7,0.44,0.48,-2828.1151650887623,90.0
0.001,0.002,0.0025,7,0.44,0.49,-2053.2795206194132,86.0
0.001,0.002,0.0025,7,0.44,0.5,-1413.6479088296328,80.0
0.001,0.002,0.0025,7,0.44,0.51,-867.978691520053,76.0
0.001,0.002,0.0025,7,0.45,0.48,-4212.204690935498,96.0
0.001,0.002,0.0025,7,0.45,0.49,-3447.4081164899835,92.0
0.001,0.002,0.0025,7,0.45,0.5,-2746.7731911615556,86.0
0.001,0.002,0.0025,7,0.45,0.51,-2201.1039738519758,81.0
0.001,0.002,0.0025,7,0.46,0.48,-4357.323068911544,100.0
0.001,0.002,0.0025,7,0.46,0.49,-3348.9786935464654,96.0
0.001,0.002,0.0025,7,0.46,0.5,-2786.6858793195715,90.0
0.001,0.002,0.0025,7,0.46,0.51,-2241.0166620099917,86.0
0.001,0.002,0.0025,7,0.47,0.48,-4894.545544860113,104.0
0.001,0.002,0.0025,7,0.47,0.49,-3865.624100453322,100.0
0.001,0.002,0.0025,7,0.47,0.5,-3144.759031642141,94.0
0.001,0.002,0.0025,7,0.47,0.51,-2322.5152839176153,90.0
0.001,0.002,0.0025,10,0.44,0.48,-2484.122468435293,79.0
0.001,0.002,0.0025,10,0.44,0.49,-2286.7966233265615,76.0
0.001,0.002,0.0025,10,0.44,0.5,-826.5075710577221,70.0
0.001,0.002,0.0025,10,0.44,0.51,-177.83677546736726,67.0
0.001,0.002,0.0025,10,0.45,0.48,-3918.110302578716,83.0
0.001,0.002,0.0025,10,0.45,0.49,-3923.273821245326,81.0
0.001,0.002,0.0025,10,0.45,0.5,-2405.840311165972,74.0
0.001,0.002,0.0025,10,0.45,0.51,-1757.169515575617,71.0
0.001,0.002,0.0025,10,0.46,0.48,-3703.9314420780865,86.0
0.001,0.002,0.0025,10,0.46,0.49,-3508.2311766191124,84.0
0.001,0.002,0.0025,10,0.46,0.5,-2995.4795085344667,77.0
0.001,0.002,0.0025,10,0.46,0.51,-2282.5487775740767,73.0
0.001,0.002,0.0025,10,0.47,0.48,-4164.011005008215,90.0
0.001,0.002,0.0025,10,0.47,0.49,-3718.5611866888357,86.0
0.001,0.002,0.0025,10,0.47,0.5,-3392.631811895699,79.0
0.001,0.002,0.0025,10,0.47,0.51,-2366.8084041854017,76.0
0.001,0.0025,0.0015,5,0.44,0.48,-1018.2581347577216,109.0
0.001,0.0025,0.0015,5,0.44,0.49,-478.61337624855514,102.0
0.001,0.0025,0.0015,5,0.44,0.5,-423.330893787017,93.0
0.001,0.0025,0.0015,5,0.44,0.51,-19.953039957836154,89.0
0.001,0.0025,0.0015,5,0.45,0.48,-2662.3032154688844,116.0
0.001,0.0025,0.0015,5,0.45,0.49,-2128.8699565547286,110.0
0.001,0.0025,0.0015,5,0.45,0.5,-2022.7890746237972,101.0
0.001,0.0025,0.0015,5,0.45,0.51,-1619.4112207946164,96.0
0.001,0.0025,0.0015,5,0.46,0.48,-3446.926988497842,123.0
0.001,0.0025,0.0015,5,0.46,0.49,-2899.6339117015596,117.0
0.001,0.0025,0.0015,5,0.46,0.5,-3004.440387783281,109.0
0.001,0.0025,0.0015,5,0.46,0.51,-2540.2300778938516,104.0
0.001,0.0025,0.0015,5,0.47,0.48,-4288.9888990386535,128.0
0.001,0.0025,0.0015,5,0.47,0.49,-3818.0227655588096,122.0
0.001,0.0025,0.0015,5,0.47,0.5,-3727.3764813360613,114.0
0.001,0.0025,0.0015,5,0.47,0.51,-3217.6278518731124,109.0
0.001,0.0025,0.0015,7,0.44,0.48,-1626.4601894693042,91.0
0.001,0.0025,0.0015,7,0.44,0.49,-1088.2434113979252,87.0
0.001,0.0025,0.0015,7,0.44,0.5,-595.3168037658761,81.0
0.001,0.0025,0.0015,7,0.44,0.51,-106.87335155566689,76.0
0.001,0.0025,0.0015,7,0.45,0.48,-3152.8335701491305,97.0
0.001,0.0025,0.0015,7,0.45,0.49,-2624.6558621015865,92.0
0.001,0.0025,0.0015,7,0.45,0.5,-2111.4013893913507,86.0
0.001,0.0025,0.0015,7,0.45,0.51,-1622.9579371811415,82.0
0.001,0.0025,0.0015,7,0.46,0.48,-3374.423476279684,101.0
0.001,0.0025,0.0015,7,0.46,0.49,-2732.9906277113187,96.0
0.001,0.0025,0.0015,7,0.46,0.5,-2358.078266102617,91.0
0.001,0.0025,0.0015,7,0.46,0.51,-1869.6348138924077,86.0
0.001,0.0025,0.0015,7,0.47,0.48,-4160.199108906207,104.0
0.001,0.0025,0.0015,7,0.47,0.49,-3498.189191296129,99.0
0.001,0.0025,0.0015,7,0.47,0.5,-2964.70457510314,94.0
0.001,0.0025,0.0015,7,0.47,0.51,-2199.686592477985,89.0
0.001,0.0025,0.0015,10,0.44,0.48,-2131.634270083523,80.0
0.001,0.0025,0.0015,10,0.44,0.49,-1857.0743033060135,77.0
0.001,0.0025,0.0015,10,0.44,0.5,-1230.0459269634448,71.0
0.001,0.0025,0.0015,10,0.44,0.51,66.70071647812438,68.0
0.001,0.0025,0.0015,10,0.45,0.48,-3365.785099116765,85.0
0.001,0.0025,0.0015,10,0.45,0.49,-3215.710805922645,82.0
0.001,0.0025,0.0015,10,0.45,0.5,-2572.2258325609437,75.0
0.001,0.0025,0.0015,10,0.45,0.51,-1275.4791891193745,72.0
0.001,0.0025,0.0015,10,0.46,0.48,-3414.1889218641445,88.0
0.001,0.0025,0.0015,10,0.46,0.49,-3078.1160296319285,85.0
0.001,0.0025,0.0015,10,0.46,0.5,-2910.993348154574,78.0
0.001,0.0025,0.0015,10,0.46,0.51,-2104.532206395146,74.0
0.001,0.0025,0.0015,10,0.47,0.48,-4156.782869168426,92.0
0.001,0.0025,0.0015,10,0.47,0.49,-3570.9604240758053,88.0
0.001,0.0025,0.0015,10,0.47,0.5,-3590.6600358899595,81.0
0.001,0.0025,0.0015,10,0.47,0.51,-2471.3062173806247,77.0
0.001,0.0025,0.002,5,0.44,0.48,-1374.7226226303756,109.0
0.001,0.0025,0.002,5,0.44,0.49,-835.0778641212091,102.0
0.001,0.0025,0.002,5,0.44,0.5,-631.6783702561224,93.0
0.001,0.0025,0.002,5,0.44,0.51,-228.3005164269416,88.0
0.001,0.0025,0.002,5,0.45,0.48,-2853.1156657194806,115.0
0.001,0.0025,0.002,5,0.45,0.49,-2319.6824068053247,109.0
0.001,0.0025,0.002,5,0.45,0.5,-2065.484513470845,100.0
0.001,0.0025,0.002,5,0.45,0.51,-1662.106659641664,95.0
0.001,0.0025,0.002,5,0.46,0.48,-3318.090677214481,121.0
0.001,0.0025,0.002,5,0.46,0.49,-2770.7976004181983,115.0
0.001,0.0025,0.002,5,0.46,0.5,-2727.487065096371,107.0
0.001,0.0025,0.002,5,0.46,0.51,-2263.2767552069417,102.0
0.001,0.0025,0.002,5,0.47,0.48,-4300.727820295695,127.0
0.001,0.0025,0.002,5,0.47,0.49,-3829.761686815851,121.0
0.001,0.0025,0.002,5,0.47,0.5,-3590.9983911895542,113.0
0.001,0.0025,0.002,5,0.47,0.51,-3081.2497617266054,108.0
0.001,0.0025,0.002,7,0.44,0.48,-2167.4174627553,90.0
0.001,0.0025,0.002,7,0.44,0.49,-1392.5818182859512,86.0
0.001,0.0025,0.002,7,0.44,0.5,-751.5381992503535,80.0
0.001,0.0025,0.002,7,0.44,0.51,-263.0947470401443,76.0
0.001,0.0025,0.002,7,0.45,0.48,-3668.4308995961765,95.0
0.001,0.0025,0.002,7,0.45,0.49,-2903.6343251506623,91.0
0.001,0.0025,0.002,7,0.45,0.5,-2201.587392576417,85.0
0.001,0.0025,0.002,7,0.45,0.51,-1713.143940366208,81.0
0.001,0.0025,0.002,7,0.46,0.48,-3785.3514100250177,99.0
0.001,0.0025,0.002,7,0.46,0.49,-2907.299695058682,95.0
0.001,0.0025,0.002,7,0.46,0.5,-2343.594873585971,89.0
0.001,0.0025,0.002,7,0.46,0.51,-1855.1514213757619,85.0
0.001,0.0025,0.002,7,0.47,0.48,-4322.573885973587,103.0
0.001,0.0025,0.002,7,0.47,0.49,-3423.945101965539,99.0
0.001,0.0025,0.002,7,0.47,0.5,-2701.6680259085406,93.0
0.001,0.0025,0.002,7,0.47,0.51,-1936.6500432833855,89.0
0.001,0.0025,0.002,10,0.44,0.48,-2020.1422563367087,78.0
0.001,0.0025,0.002,10,0.44,0.49,-1723.4665553995146,75.0
0.001,0.0025,0.002,10,0.44,0.5,-409.59628529245674,69.0
0.001,0.0025,0.002,10,0.44,0.51,293.65186833064945,66.0
0.001,0.0025,0.002,10,0.45,0.48,-3453.9741058847576,82.0
0.001,0.0025,0.002,10,0.45,0.49,-3281.7840785309527,80.0
0.001,0.0025,0.002,10,0.45,0.5,-1910.76935061338,73.0
0.001,0.0025,0.002,10,0.45,0.51,-1207.521196990274,70.0
0.001,0.0025,0.002,10,0.46,0.48,-3343.019036798316,85.0
0.001,0.0025,0.002,10,0.46,0.49,-2943.8739168428583,82.0
0.001,0.0025,0.002,10,0.46,0.5,-2577.5410309199942,75.0
0.001,0.0025,0.002,10,0.46,0.51,-1877.2153224322246,72.0
0.001,0.0025,0.002,10,0.47,0.48,-3908.6490999706584,89.0
0.001,0.0025,0.002,10,0.47,0.49,-3259.754427154796,85.0
0.001,0.0025,0.002,10,0.47,0.5,-3080.2438345234405,78.0
0.001,0.0025,0.002,10,0.47,0.51,-2067.025449285764,75.0
0.001,0.0025,0.0025,5,0.44,0.48,-1374.7226226303756,109.0
0.001,0.0025,0.0025,5,0.44,0.49,-835.0778641212091,102.0
0.001,0.0025,0.0025,5,0.44,0.5,-631.6783702561224,93.0
0.001,0.0025,0.0025,5,0.44,0.51,-228.3005164269416,88.0
0.001,0.0025,0.0025,5,0.45,0.48,-2853.1156657194806,115.0
0.001,0.0025,0.0025,5,0.45,0.49,-2319.6824068053247,109.0
0.001,0.0025,0.0025,5,0.45,0.5,-2065.484513470845,100.0
0.001,0.0025,0.0025,5,0.45,0.51,-1662.106659641664,95.0
0.001,0.0025,0.0025,5,0.46,0.48,-3318.090677214481,121.0
0.001,0.0025,0.0025,5,0.46,0.49,-2770.7976004181983,115.0
0.001,0.0025,0.0025,5,0.46,0.5,-2727.487065096371,107.0
0.001,0.0025,0.0025,5,0.46,0.51,-2263.2767552069417,102.0
0.001,0.0025,0.0025,5,0.47,0.48,-4300.727820295695,127.0
0.001,0.0025,0.0025,5,0.47,0.49,-3829.761686815851,121.0
0.001,0.0025,0.0025,5,0.47,0.5,-3590.9983911895542,113.0
0.001,0.0025,0.0025,5,0.47,0.51,-3081.2497617266054,108.0
0.001,0.0025,0.0025,7,0.44,0.48,-2317.0444661620277,90.0
0.001,0.0025,0.0025,7,0.44,0.49,-1542.2088216926786,86.0
0.001,0.0025,0.0025,7,0.44,0.5,-901.165202657081,80.0
0.001,0.0025,0.0025,7,0.44,0.51,-412.72175044687174,76.0
0.001,0.0025,0.0025,7,0.45,0.48,-3818.057903002904,95.0
0.001,0.0025,0.0025,7,0.45,0.49,-3053.26132855739,91.0
0.001,0.0025,0.0025,7,0.45,0.5,-2351.2143959831446,85.0
0.001,0.0025,0.0025,7,0.45,0.51,-1862.7709437729354,81.0
0.001,0.0025,0.0025,7,0.46,0.48,-3888.552888092847,99.0
0.001,0.0025,0.0025,7,0.46,0.49,-3010.5011731265113,95.0
0.001,0.0025,0.0025,7,0.46,0.5,-2446.7963516538002,89.0
0.001,0.0025,0.0025,7,0.46,0.51,-1958.352899443591,85.0
0.001,0.0025,0.0025,7,0.47,0.48,-4425.775364041416,103.0
0.001,0.0025,0.0025,7,0.47,0.49,-3527.146580033368,99.0
0.001,0.0025,0.0025,7,0.47,0.5,-2804.8695039763697,93.0
0.001,0.0025,0.0025,7,0.47,0.51,-2039.8515213512146,89.0
0.001,0.0025,0.0025,10,0.44,0.48,-2155.1920811056043,78.0
0.001,0.0025,0.0025,10,0.44,0.49,-1914.6823068625818,75.0
0.001,0.0025,0.0025,10,0.44,0.5,-641.4518780356884,69.0
0.001,0.0025,0.0025,10,0.44,0.51,61.79627558741777,66.0
0.001,0.0025,0.0025,10,0.45,0.48,-3589.023930653653,82.0
0.001,0.0025,0.0025,10,0.45,0.49,-3472.99982999402,80.0
0.001,0.0025,0.0025,10,0.45,0.5,-2142.6249433566118,73.0
0.001,0.0025,0.0025,10,0.45,0.51,-1439.3767897335056,70.0
0.001,0.0025,0.0025,10,0.46,0.48,-3478.0688615672116,85.0
0.001,0.0025,0.0025,10,0.46,0.49,-3135.0896683059254,82.0
0.001,0.0025,0.0025,10,0.46,0.5,-2809.396623663226,75.0
0.001,0.0025,0.0025,10,0.46,0.51,-2109.0709151754563,72.0
0.001,0.0025,0.0025,10,0.47,0.48,-4043.698924739554,89.0
0.001,0.0025,0.0025,10,0.47,0.49,-3450.970178617863,85.0
0.001,0.0025,0.0025,10,0.47,0.5,-3312.099427266672,78.0
0.001,0.0025,0.0025,10,0.47,0.51,-2298.8810420289956,75.0
0.001,0.003,0.0015,5,0.44,0.48,-881.3009927894018,109.0
0.001,0.003,0.0015,5,0.44,0.49,-341.65623428023537,102.0
0.001,0.003,0.0015,5,0.44,0.5,-259.3919315968815,93.0
0.001,0.003,0.0015,5,0.44,0.51,143.98592223229934,88.0
0.001,0.003,0.0015,5,0.45,0.48,-2525.3460735005647,116.0
0.001,0.003,0.0015,5,0.45,0.49,-1991.9128145864088,109.0
0.001,0.003,0.0015,5,0.45,0.5,-1858.8501124336617,100.0
0.001,0.003,0.0015,5,0.45,0.51,-1455.4722586044809,96.0
0.001,0.003,0.0015,5,0.46,0.48,-3280.327984711068,123.0
0.001,0.003,0.0015,5,0.46,0.49,-2733.0349079147854,117.0
0.001,0.003,0.0015,5,0.46,0.5,-2810.859563774691,109.0
0.001,0.003,0.0015,5,0.46,0.51,-2346.6492538852617,104.0
0.001,0.003,0.0015,5,0.47,0.48,-4122.389895251879,128.0
0.001,0.003,0.0015,5,0.47,0.49,-3651.4237617720355,122.0
0.001,0.003,0.0015,5,0.47,0.5,-3533.7956573274714,114.0
0.001,0.003,0.0015,5,0.47,0.51,-3024.0470278645225,109.0
0.001,0.003,0.0015,7,0.44,0.48,-1773.0278941701254,90.0
0.001,0.003,0.0015,7,0.44,0.49,-1234.8111160987319,86.0
0.001,0.003,0.0015,7,0.44,0.5,-603.6223115023167,80.0
0.001,0.003,0.0015,7,0.44,0.51,-115.17885929212207,75.0
0.001,0.003,0.0015,7,0.45,0.48,-3350.5310457040614,96.0
0.001,0.003,0.0015,7,0.45,0.49,-2822.353337656503,91.0
0.001,0.003,0.0015,7,0.45,0.5,-2170.8366679819155,85.0
0.001,0.003,0.0015,7,0.45,0.51,-1682.3932157716918,81.0
0.001,0.003,0.0015,7,0.46,0.48,-3568.011589502945,100.0
0.001,0.003,0.0015,7,0.46,0.49,-2926.578740934594,96.0
0.001,0.003,0.0015,7,0.46,0.5,-2413.4041823615116,90.0
0.001,0.003,0.0015,7,0.46,0.51,-1924.960730151317,86.0
0.001,0.003,0.0015,7,0.47,0.48,-4353.787222129482,103.0
0.001,0.003,0.0015,7,0.47,0.49,-3691.77730451939,99.0
0.001,0.003,0.0015,7,0.47,0.5,-3020.0304913620494,93.0
0.001,0.003,0.0015,7,0.47,0.51,-2255.0125087368797,89.0
0.001,0.003,0.0015,10,0.44,0.48,-2171.574835112304,79.0
0.001,0.003,0.0015,10,0.44,0.49,-1897.0148683347943,76.0
0.001,0.003,0.0015,10,0.44,0.5,-1136.8661819344852,69.0
0.001,0.003,0.0015,10,0.44,0.51,106.84539540746482,66.0
0.001,0.003,0.0015,10,0.45,0.48,-3426.615419029229,83.0
0.001,0.003,0.0015,10,0.45,0.49,-3276.5411258351087,81.0
0.001,0.003,0.0015,10,0.45,0.5,-2499.935842415667,74.0
0.001,0.003,0.0015,10,0.45,0.51,-1168.8327371115593,71.0
0.001,0.003,0.0015,10,0.46,0.48,-3094.7491226966813,86.0
0.001,0.003,0.0015,10,0.46,0.49,-2949.7902650377946,84.0
0.001,0.003,0.0015,10,0.46,0.5,-2788.461754459524,77.0
0.001,0.003,0.0015,10,0.46,0.51,-1736.4746787709446,73.0
0.001,0.003,0.0015,10,0.47,0.48,-3772.9146729120257,90.0
0.001,0.003,0.0015,10,0.47,0.49,-3378.206262392734,86.0
0.001,0.003,0.0015,10,0.47,0.5,-3347.172103904828,79.0
0.001,0.003,0.0015,10,0.47,0.51,-2038.8202926674858,76.0
0.001,0.003,0.002,5,0.44,0.48,-1237.7654806620558,108.0
0.001,0.003,0.002,5,0.44,0.49,-698.1207221528894,101.0
0.001,0.003,0.002,5,0.44,0.5,-467.73940806598694,92.0
0.001,0.003,0.002,5,0.44,0.51,-64.36155423680611,88.0
0.001,0.003,0.002,5,0.45,0.48,-2716.158523751161,115.0
0.001,0.003,0.002,5,0.45,0.49,-2182.725264837005,108.0
0.001,0.003,0.002,5,0.45,0.5,-1901.5455512807093,99.0
0.001,0.003,0.002,5,0.45,0.51,-1498.1676974515285,95.0
0.001,0.003,0.002,5,0.46,0.48,-3151.4916734277067,121.0
0.001,0.003,0.002,5,0.46,0.49,-2604.198596631424,115.0
0.001,0.003,0.002,5,0.46,0.5,-2533.9062410877814,107.0
0.001,0.003,0.002,5,0.46,0.51,-2069.695931198352,102.0
0.001,0.003,0.002,5,0.47,0.48,-4134.128816508921,127.0
0.001,0.003,0.002,5,0.47,0.49,-3663.162683029077,121.0
0.001,0.003,0.002,5,0.47,0.5,-3397.4175671809644,113.0
0.001,0.003,0.002,5,0.47,0.51,-2887.6689377180155,108.0
0.001,0.003,0.002,7,0.44,0.48,-2287.9134771495155,89.0
0.001,0.003,0.002,7,0.44,0.49,-1513.077832680152,85.0
0.001,0.003,0.002,7,0.44,0.5,-733.7720166801882,79.0
0.001,0.003,0.002,7,0.44,0.51,-245.32856446999358,75.0
0.001,0.003,0.002,7,0.45,0.48,-3911.829892704627,94.0
0.001,0.003,0.002,7,0.45,0.49,-3147.0333182591276,90.0
0.001,0.003,0.002,7,0.45,0.5,-2306.7241887205164,84.0
0.001,0.003,0.002,7,0.45,0.51,-1818.2807365102926,80.0
0.001,0.003,0.002,7,0.46,0.48,-4024.641040801813,98.0
0.001,0.003,0.002,7,0.46,0.49,-3146.5893258354918,94.0
0.001,0.003,0.002,7,0.46,0.5,-2444.6223073984147,89.0
0.001,0.003,0.002,7,0.46,0.51,-1956.178855188191,84.0
0.001,0.003,0.002,7,0.47,0.48,-4561.863516750396,102.0
0.001,0.003,0.002,7,0.47,0.49,-3663.234732742334,98.0
0.001,0.003,0.002,7,0.47,0.5,-2802.6954597209697,93.0
0.001,0.003,0.002,7,0.47,0.51,-2037.677477095829,88.0
0.001,0.003,0.002,10,0.44,0.48,-1972.103270715932,77.0
0.001,0.003,0.002,10,0.44,0.49,-1675.427569778738,74.0
0.001,0.003,0.002,10,0.44,0.5,-341.26242815003206,67.0
0.001,0.003,0.002,10,0.44,0.51,421.7760979095474,64.0
0.001,0.003,0.002,10,0.45,0.48,-3411.47323464106,81.0
0.001,0.003,0.002,10,0.45,0.49,-3239.283207287255,78.0
0.001,0.003,0.002,10,0.45,0.5,-1760.5820798858767,71.0
0.001,0.003,0.002,10,0.45,0.51,-997.5435538262973,68.0
0.001,0.003,0.002,10,0.46,0.48,-2920.2480464746914,84.0
0.001,0.003,0.002,10,0.46,0.49,-2712.216961092563,81.0
0.001,0.003,0.002,10,0.46,0.5,-2351.6782460687828,74.0
0.001,0.003,0.002,10,0.46,0.51,-1405.8266036518617,71.0
0.001,0.003,0.002,10,0.47,0.48,-3577.4307831463666,88.0
0.001,0.003,0.002,10,0.47,0.49,-3119.6501449038333,84.0
0.001,0.003,0.002,10,0.47,0.5,-2889.4057819704176,77.0
0.001,0.003,0.002,10,0.47,0.51,-1687.1894040047337,74.0
0.001,0.003,0.0025,5,0.44,0.48,-1237.7654806620558,108.0
0.001,0.003,0.0025,5,0.44,0.49,-698.1207221528894,101.0
0.001,0.003,0.0025,5,0.44,0.5,-467.73940806598694,92.0
0.001,0.003,0.0025,5,0.44,0.51,-64.36155423680611,88.0
0.001,0.003,0.0025,5,0.45,0.48,-2716.158523751161,115.0
0.001,0.003,0.0025,5,0.45,0.49,-2182.725264837005,108.0
0.001,0.003,0.0025,5,0.45,0.5,-1901.5455512807093,99.0
0.001,0.003,0.0025,5,0.45,0.51,-1498.1676974515285,95.0
0.001,0.003,0.0025,5,0.46,0.48,-3151.4916734277067,121.0
0.001,0.003,0.0025,5,0.46,0.49,-2604.198596631424,115.0
0.001,0.003,0.0025,5,0.46,0.5,-2533.9062410877814,107.0
0.001,0.003,0.0025,5,0.46,0.51,-2069.695931198352,102.0
0.001,0.003,0.0025,5,0.47,0.48,-4134.128816508921,127.0
0.001,0.003,0.0025,5,0.47,0.49,-3663.162683029077,121.0
0.001,0.003,0.0025,5,0.47,0.5,-3397.4175671809644,113.0
0.001,0.003,0.0025,5,0.47,0.51,-2887.6689377180155,108.0
0.001,0.003,0.0025,7,0.44,0.48,-2479.255185046786,89.0
0.001,0.003,0.0025,7,0.44,0.49,-1704.4195405774517,85.0
0.001,0.003,0.0025,7,0.44,0.5,-925.113724577488,79.0
0.001,0.003,0.0025,7,0.44,0.51,-436.67027236726426,75.0
0.001,0.003,0.0025,7,0.45,0.48,-4103.171600601927,94.0
0.001,0.003,0.0025,7,0.45,0.49,-3338.3750261563982,90.0
0.001,0.003,0.0025,7,0.45,0.5,-2498.065896617787,84.0
0.001,0.003,0.0025,7,0.45,0.51,-2009.6224444075924,80.0
0.001,0.003,0.0025,7,0.46,0.48,-4169.5572233602,98.0
0.001,0.003,0.0025,7,0.46,0.49,-3291.5055083938787,94.0
0.001,0.003,0.0025,7,0.46,0.5,-2589.5384899568016,89.0
0.001,0.003,0.0025,7,0.46,0.51,-2101.095037746578,84.0
0.001,0.003,0.0025,7,0.47,0.48,-4706.779699308783,102.0
0.001,0.003,0.0025,7,0.47,0.49,-3808.150915300721,98.0
0.001,0.003,0.0025,7,0.47,0.5,-2947.6116422793566,93.0
0.001,0.003,0.0025,7,0.47,0.51,-2182.593659654216,88.0
0.001,0.003,0.0025,10,0.44,0.48,-2054.9900967021676,77.0
0.001,0.003,0.0025,10,0.44,0.49,-1840.5716309352138,74.0
0.001,0.003,0.0025,10,0.44,0.5,-547.0463305866724,67.0
0.001,0.003,0.0025,10,0.44,0.51,215.99219547290704,64.0
0.001,0.003,0.0025,10,0.45,0.48,-3494.3600606272958,81.0
0.001,0.003,0.0025,10,0.45,0.49,-3404.427268443731,78.0
0.001,0.003,0.0025,10,0.45,0.5,-1966.365982322517,71.0
0.001,0.003,0.0025,10,0.45,0.51,-1203.3274562629376,68.0
0.001,0.003,0.0025,10,0.46,0.48,-3003.134872460927,84.0
0.001,0.003,0.0025,10,0.46,0.49,-2877.361022249039,81.0
0.001,0.003,0.0025,10,0.46,0.5,-2557.462148505423,74.0
0.001,0.003,0.0025,10,0.46,0.51,-1611.610506088502,71.0
0.001,0.003,0.0025,10,0.47,0.48,-3660.3176091326022,88.0
0.001,0.003,0.0025,10,0.47,0.49,-3284.794206060309,84.0
0.001,0.003,0.0025,10,0.47,0.5,-3095.189684407058,77.0
0.001,0.003,0.0025,10,0.47,0.51,-1892.973306441374,74.0
0.0015,0.002,0.0015,5,0.44,0.48,-1216.710202593822,105.0
0.0015,0.002,0.0015,5,0.44,0.49,-780.8427621726005,99.0
0.0015,0.002,0.0015,5,0.44,0.5,-909.6649708842597,89.0
0.0015,0.002,0.0015,5,0.44,0.51,-863.3105868031416,85.0
0.0015,0.002,0.0015,5,0.45,0.48,-2317.294418507343,112.0
0.0015,0.002,0.0015,5,0.45,0.49,-2063.601927110445,105.0
0.0015,0.002,0.0015,5,0.45,0.5,-2105.415639932806,96.0
0.0015,0.002,0.0015,5,0.45,0.51,-2059.0612558516877,91.0
0.0015,0.002,0.0015,5,0.46,0.48,-2387.461134059413,119.0
0.0015,0.002,0.0015,5,0.46,0.49,-2109.663913946788,113.0
0.0015,0.002,0.0015,5,0.46,0.5,-2324.2718637854414,105.0
0.0015,0.002,0.0015,5,0.46,0.51,-2217.0850236440747,100.0
0.0015,0.002,0.0015,5,0.47,0.48,-2935.8163231642975,122.0
0.0015,0.002,0.0015,5,0.47,0.49,-2633.7498068652785,117.0
0.0015,0.002,0.0015,5,0.47,0.5,-2866.887780520803,109.0
0.0015,0.002,0.0015,5,0.47,0.51,-2893.3157654545503,105.0
0.0015,0.002,0.0015,7,0.44,0.48,-2182.838417501436,87.0
0.0015,0.002,0.0015,7,0.44,0.49,-1834.5453134204727,83.0
0.0015,0.002,0.0015,7,0.44,0.5,-1407.124845622835,77.0
0.0015,0.002,0.0015,7,0.44,0.51,-616.7421201165416,73.0
0.0015,0.002,0.0015,7,0.45,0.48,-3541.9866426121007,94.0
0.0015,0.002,0.0015,7,0.45,0.49,-3224.535537541771,89.0
0.0015,0.002,0.0015,7,0.45,0.5,-2996.001694907318,83.0
0.0015,0.002,0.0015,7,0.45,0.51,-2205.6189694010245,79.0
0.0015,0.002,0.0015,7,0.46,0.48,-3140.9168706020573,96.0
0.0015,0.002,0.0015,7,0.46,0.49,-2799.2909785076918,92.0
0.0015,0.002,0.0015,7,0.46,0.5,-2576.3616391229007,86.0
0.0015,0.002,0.0015,7,0.46,0.51,-1785.9789136166073,82.0
0.0015,0.002,0.0015,7,0.47,0.48,-3171.9734744550806,97.0
0.0015,0.002,0.0015,7,0.47,0.49,-2857.8445189948397,93.0
0.0015,0.002,0.0015,7,0.47,0.5,-2541.458699501891,88.0
0.0015,0.002,0.0015,7,0.47,0.51,-1792.552031696221,84.0
0.0015,0.002,0.0015,10,0.44,0.48,-2243.0116591965198,75.0
0.0015,0.002,0.0015,10,0.44,0.49,-2365.262868234204,72.0
0.0015,0.002,0.0015,10,0.44,0.5,-1674.8563115126308,67.0
0.0015,0.002,0.0015,10,0.44,0.51,-43.553515550112934,64.0
0.0015,0.002,0.0015,10,0.45,0.48,-3741.891306755846,79.0
0.0015,0.002,0.0015,10,0.45,0.49,-4085.0871826304356,76.0
0.0015,0.002,0.0015,10,0.45,0.5,-2943.492145819415,70.0
0.0015,0.002,0.0015,10,0.45,0.51,-1312.189349856897,67.0
0.0015,0.002,0.0015,10,0.46,0.48,-3288.469259964215,81.0
0.0015,0.002,0.0015,10,0.46,0.49,-3334.6418245764216,79.0
0.0015,0.002,0.0015,10,0.46,0.5,-2802.8605297024624,73.0
0.0015,0.002,0.0015,10,0.46,0.51,-1325.4341837355023,70.0
0.0015,0.002,0.0015,10,0.47,0.48,-3168.425939273162,83.0
0.0015,0.002,0.0015,10,0.47,0.49,-3325.5635393101984,80.0
0.0015,0.002,0.0015,10,0.47,0.5,-3039.948592084009,74.0
0.0015,0.002,0.0015,10,0.47,0.51,-1552.4091235335072,72.0
0.0015,0.002,0.002,5,0.44,0.48,-1262.0464936770586,104.0
0.0015,0.002,0.002,5,0.44,0.49,-1114.3598987718724,97.0
0.0015,0.002,0.002,5,0.44,0.5,-1004.8984714057442,89.0
0.0015,0.002,0.002,5,0.44,0.51,-958.5440873246262,84.0
0.0015,0.002,0.002,5,0.45,0.48,-2090.9209630968107,110.0
0.0015,0.002,0.002,5,0.45,0.49,-2125.4093172159482,103.0
0.0015,0.002,0.002,5,0.45,0.5,-2030.369778947148,95.0
0.0015,0.002,0.002,5,0.45,0.51,-1984.01539486603,90.0
0.0015,0.002,0.002,5,0.46,0.48,-1999.72644121536,117.0
0.0015,0.002,0.002,5,0.46,0.49,-2010.1100666187704,110.0
0.0015,0.002,0.002,5,0.46,0.5,-2087.864765366263,103.0
0.0015,0.002,0.002,5,0.46,0.51,-1955.8120501403464,98.0
0.0015,0.002,0.002,5,0.47,0.48,-2662.839601279091,120.0
0.0015,0.002,0.002,5,0.47,0.49,-2648.953930496107,115.0
0.0015,0.002,0.002,5,0.47,0.5,-2745.238653060471,108.0
0.0015,0.002,0.002,5,0.47,0.51,-2746.8007629096683,104.0
0.0015,0.002,0.002,7,0.44,0.48,-2399.0411489225953,86.0
0.0015,0.002,0.002,7,0.44,0.49,-1813.3540156212111,81.0
0.0015,0.002,0.002,7,0.44,0.5,-1269.2292440592428,76.0
0.0015,0.002,0.002,7,0.44,0.51,-478.8465185529494,72.0
0.0015,0.002,0.002,7,0.45,0.48,-3746.7720570055826,92.0
0.0015,0.002,0.002,7,0.45,0.49,-3161.856076649594,87.0
0.0015,0.002,0.002,7,0.45,0.5,-2745.666499420724,82.0
0.0015,0.002,0.002,7,0.45,0.51,-1955.2837739144306,78.0
0.0015,0.002,0.002,7,0.46,0.48,-3257.2473652303015,94.0
0.0015,0.002,0.002,7,0.46,0.49,-2678.2274439155153,89.0
0.0015,0.002,0.002,7,0.46,0.5,-2267.6423699363077,84.0
0.0015,0.002,0.002,7,0.46,0.51,-1477.2596444300143,80.0
0.0015,0.002,0.002,7,0.47,0.48,-3001.1375283018424,95.0
0.0015,0.002,0.002,7,0.47,0.49,-2449.614543621181,91.0
0.0015,0.002,0.002,7,0.47,0.5,-1977.6814756503882,87.0
0.0015,0.002,0.002,7,0.47,0.51,-1228.850345747298,83.0
0.0015,0.002,0.002,10,0.44,0.48,-2071.089672471615,72.0
0.0015,0.002,0.002,10,0.44,0.49,-2234.14073080472,70.0
0.0015,0.002,0.002,10,0.44,0.5,-1024.5781229548738,65.0
0.0015,0.002,0.002,10,0.44,0.51,-61.37144206445373,63.0
0.0015,0.002,0.002,10,0.45,0.48,-3784.607125099443,76.0
0.0015,0.002,0.002,10,0.45,0.49,-4189.387581784729,73.0
0.0015,0.002,0.002,10,0.45,0.5,-2503.7523075559584,68.0
0.0015,0.002,0.002,10,0.45,0.51,-1540.5456266655383,65.0
0.0015,0.002,0.002,10,0.46,0.48,-3126.220227988684,78.0
0.0015,0.002,0.002,10,0.46,0.49,-3172.514062704766,76.0
0.0015,0.002,0.002,10,0.46,0.5,-2630.1294316225103,71.0
0.0015,0.002,0.002,10,0.46,0.51,-1257.1244482030015,68.0
0.0015,0.002,0.002,10,0.47,0.48,-2850.145161694105,80.0
0.0015,0.002,0.002,10,0.47,0.49,-3007.404031835016,77.0
0.0015,0.002,0.002,10,0.47,0.5,-2634.885180239595,73.0
0.0015,0.002,0.002,10,0.47,0.51,-1328.06764239748,70.0
0.0015,0.002,0.0025,5,0.44,0.48,-1262.0464936770586,104.0
0.0015,0.002,0.0025,5,0.44,0.49,-1114.3598987718724,97.0
0.0015,0.002,0.0025,5,0.44,0.5,-1004.8984714057442,89.0
0.0015,0.002,0.0025,5,0.44,0.51,-958.5440873246262,84.0
0.0015,0.002,0.0025,5,0.45,0.48,-2090.9209630968107,110.0
0.0015,0.002,0.0025,5,0.45,0.49,-2125.4093172159482,103.0
0.0015,0.002,0.0025,5,0.45,0.5,-2030.369778947148,95.0
0.0015,0.002,0.0025,5,0.45,0.51,-1984.01539486603,90.0
0.0015,0.002,0.0025,5,0.46,0.48,-1999.72644121536,117.0
0.0015,0.002,0.0025,5,0.46,0.49,-2010.1100666187704,110.0
0.0015,0.002,0.0025,5,0.46,0.5,-2087.864765366263,103.0
0.0015,0.002,0.0025,5,0.46,0.51,-1955.8120501403464,98.0
0.0015,0.002,0.0025,5,0.47,0.48,-2662.839601279091,120.0
0.0015,0.002,0.0025,5,0.47,0.49,-2648.953930496107,115.0
0.0015,0.002,0.0025,5,0.47,0.5,-2745.238653060471,108.0
0.0015,0.002,0.0025,5,0.47,0.51,-2746.8007629096683,104.0
0.0015,0.002,0.0025,7,0.44,0.48,-2590.3828568198805,86.0
0.0015,0.002,0.0025,7,0.44,0.49,-2004.6957235184964,81.0
0.0015,0.002,0.0025,7,0.44,0.5,-1460.570951956528,76.0
0.0015,0.002,0.0025,7,0.44,0.51,-670.1882264502347,72.0
0.0015,0.002,0.0025,7,0.45,0.48,-3938.113764902868,92.0
0.0015,0.002,0.0025,7,0.45,0.49,-3353.197784546879,87.0
0.0015,0.002,0.0025,7,0.45,0.5,-2937.008207318009,82.0
0.0015,0.002,0.0025,7,0.45,0.51,-2146.625481811716,78.0
0.0015,0.002,0.0025,7,0.46,0.48,-3448.5890731275867,94.0
0.0015,0.002,0.0025,7,0.46,0.49,-2869.5691518128006,89.0
0.0015,0.002,0.0025,7,0.46,0.5,-2458.984077833593,84.0
0.0015,0.002,0.0025,7,0.46,0.51,-1668.6013523272995,80.0
0.0015,0.002,0.0025,7,0.47,0.48,-3192.4792361991276,95.0
0.0015,0.002,0.0025,7,0.47,0.49,-2640.956251518466,91.0
0.0015,0.002,0.0025,7,0.47,0.5,-2169.0231835476734,87.0
0.0015,0.002,0.0025,7,0.47,0.51,-1420.1920536445832,83.0
0.0015,0.002,0.0025,10,0.44,0.48,-2640.6525850021426,73.0
0.0015,0.002,0.0025,10,0.44,0.49,-2885.960878505488,70.0
0.0015,0.002,0.0025,10,0.44,0.5,-1534.5620159719692,65.0
0.0015,0.002,0.0025,10,0.44,0.51,-571.3553350815491,63.0
0.0015,0.002,0.0025,10,0.45,0.48,-4322.977080120225,76.0
0.0015,0.002,0.0025,10,0.45,0.49,-4867.233730652428,74.0
0.0015,0.002,0.0025,10,0.45,0.5,-3039.7622017399844,68.0
0.0015,0.002,0.0025,10,0.45,0.51,-2076.5555208495643,65.0
0.0015,0.002,0.0025,10,0.46,0.48,-3577.9025351813034,79.0
0.0015,0.002,0.0025,10,0.46,0.49,-3763.6725637443014,77.0
0.0015,0.002,0.0025,10,0.46,0.5,-3079.4516779783735,71.0
0.0015,0.002,0.0025,10,0.46,0.51,-1732.2666225087742,68.0
0.0015,0.002,0.0025,10,0.47,0.48,-3301.827468886724,81.0
0.0015,0.002,0.0025,10,0.47,0.49,-3598.562532874552,78.0
0.0015,0.002,0.0025,10,0.47,0.5,-3110.0273545453674,73.0
0.0015,0.002,0.0025,10,0.47,0.51,-1803.2098167032527,70.0
0.0015,0.0025,0.0015,5,0.44,0.48,-1323.6085463093332,105.0
0.0015,0.0025,0.0015,5,0.44,0.49,-887.7411058881116,98.0
0.0015,0.0025,0.0015,5,0.44,0.5,-925.8439833003649,89.0
0.0015,0.0025,0.0015,5,0.44,0.51,-879.4895992192469,84.0
0.0015,0.0025,0.0015,5,0.45,0.48,-2758.0075506036374,111.0
0.0015,0.0025,0.0015,5,0.45,0.49,-2504.3150592067395,105.0
0.0015,0.0025,0.0015,5,0.45,0.5,-2455.4094407296943,95.0
0.0015,0.0025,0.0015,5,0.45,0.51,-2409.0550566485763,91.0
0.0015,0.0025,0.0015,5,0.46,0.48,-2889.58939287017,118.0
0.0015,0.0025,0.0015,5,0.46,0.49,-2611.792172757545,112.0
0.0015,0.0025,0.0015,5,0.46,0.5,-2735.7145909427636,104.0
0.0015,0.0025,0.0015,5,0.46,0.51,-2628.527750801397,99.0
0.0015,0.0025,0.0015,5,0.47,0.48,-2873.058616644703,121.0
0.0015,0.0025,0.0015,5,0.47,0.49,-2575.132321396086,116.0
0.0015,0.0025,0.0015,5,0.47,0.5,-2717.5847633981757,108.0
0.0015,0.0025,0.0015,5,0.47,0.51,-2744.012748331923,104.0
0.0015,0.0025,0.0015,7,0.44,0.48,-2004.6234202938358,87.0
0.0015,0.0025,0.0015,7,0.44,0.49,-1656.3303162128723,83.0
0.0015,0.0025,0.0015,7,0.44,0.5,-1227.4978411694174,77.0
0.0015,0.0025,0.0015,7,0.44,0.51,-494.34088076249463,73.0
0.0015,0.0025,0.0015,7,0.45,0.48,-2829.451431644513,93.0
0.0015,0.0025,0.0015,7,0.45,0.49,-2512.0003265741834,88.0
0.0015,0.0025,0.0015,7,0.45,0.5,-2282.054476693913,82.0
0.0015,0.0025,0.0015,7,0.45,0.51,-1548.8975162869901,78.0
0.0015,0.0025,0.0015,7,0.46,0.48,-2876.0117994959583,95.0
0.0015,0.0025,0.0015,7,0.46,0.49,-2404.0932470028492,91.0
0.0015,0.0025,0.0015,7,0.46,0.5,-2179.7631692014693,85.0
0.0015,0.0025,0.0015,7,0.46,0.51,-1446.6062087945465,81.0
0.0015,0.0025,0.0015,7,0.47,0.48,-2963.6280284749955,96.0
0.0015,0.0025,0.0015,7,0.47,0.49,-2519.206412616011,92.0
0.0015,0.0025,0.0015,7,0.47,0.5,-2201.4198547064734,87.0
0.0015,0.0025,0.0015,7,0.47,0.51,-1509.7389520001743,83.0
0.0015,0.0025,0.0015,10,0.44,0.48,-1716.4689169656049,74.0
0.0015,0.0025,0.0015,10,0.44,0.49,-1838.720126003289,72.0
0.0015,0.0025,0.0015,10,0.44,0.5,-1381.7888198620203,66.0
0.0015,0.0025,0.0015,10,0.44,0.51,262.92824360585655,64.0
0.0015,0.0025,0.0015,10,0.45,0.48,-3168.4893979331537,78.0
0.0015,0.0025,0.0015,10,0.45,0.49,-3511.685273807743,76.0
0.0015,0.0025,0.0015,10,0.45,0.5,-2603.565487577027,69.0
0.0015,0.0025,0.0015,10,0.45,0.51,-958.8484241091501,67.0
0.0015,0.0025,0.0015,10,0.46,0.48,-2998.885146847635,80.0
0.0015,0.0025,0.0015,10,0.46,0.49,-3045.057711459842,78.0
0.0015,0.0025,0.0015,10,0.46,0.5,-2654.933718488959,72.0
0.0015,0.0025,0.0015,10,0.46,0.51,-1174.0497204226413,69.0
0.0015,0.0025,0.0015,10,0.47,0.48,-2572.596361643271,82.0
0.0015,0.0025,0.0015,10,0.47,0.49,-2632.0721220838022,79.0
0.0015,0.0025,0.0015,10,0.47,0.5,-2523.9722685214656,74.0
0.0015,0.0025,0.0015,10,0.47,0.51,-997.1173561108299,71.0
0.0015,0.0025,0.002,5,0.44,0.48,-1368.9448373925698,104.0
0.0015,0.0025,0.002,5,0.44,0.49,-1221.2582424873835,97.0
0.0015,0.0025,0.002,5,0.44,0.5,-1021.0774838218495,88.0
0.0015,0.0025,0.002,5,0.44,0.51,-974.7230997407314,84.0
0.0015,0.0025,0.002,5,0.45,0.48,-2603.4441171627404,110.0
0.0015,0.0025,0.002,5,0.45,0.49,-2637.932471281878,103.0
0.0015,0.0025,0.002,5,0.45,0.5,-2452.173601713672,94.0
0.0015,0.0025,0.002,5,0.45,0.51,-2405.819217632554,90.0
0.0015,0.0025,0.002,5,0.46,0.48,-2501.854700026117,116.0
0.0015,0.0025,0.002,5,0.46,0.49,-2512.2383254295273,110.0
0.0015,0.0025,0.002,5,0.46,0.5,-2499.307492523585,103.0
0.0015,0.0025,0.002,5,0.46,0.51,-2367.2547772976686,98.0
0.0015,0.0025,0.002,5,0.47,0.48,-2600.081894759496,120.0
0.0015,0.0025,0.002,5,0.47,0.49,-2590.3364450269146,114.0
0.0015,0.0025,0.002,5,0.47,0.5,-2595.9356359378435,107.0
0.0015,0.0025,0.002,5,0.47,0.51,-2597.497745787041,103.0
0.0015,0.0025,0.002,7,0.44,0.48,-2220.826151714995,86.0
0.0015,0.0025,0.002,7,0.44,0.49,-1635.1390184136108,81.0
0.0015,0.0025,0.002,7,0.44,0.5,-1089.6022396058252,76.0
0.0015,0.0025,0.002,7,0.44,0.51,-356.4452791989024,72.0
0.0015,0.0025,0.002,7,0.45,0.48,-3070.744667891646,91.0
0.0015,0.0025,0.002,7,0.45,0.49,-2485.828687535657,86.0
0.0015,0.0025,0.002,7,0.45,0.5,-2068.22710306097,81.0
0.0015,0.0025,0.002,7,0.45,0.51,-1335.0701426540472,77.0
0.0015,0.0025,0.002,7,0.46,0.48,-2987.2395566186606,93.0
0.0015,0.0025,0.002,7,0.46,0.49,-2277.926974905131,88.0
0.0015,0.0025,0.002,7,0.46,0.5,-1865.9411625093344,83.0
0.0015,0.0025,0.002,7,0.46,0.51,-1132.7842021024117,79.0
0.0015,0.0025,0.002,7,0.47,0.48,-2731.1297196902015,94.0
0.0015,0.0025,0.002,7,0.47,0.49,-2049.3140746107965,90.0
0.0015,0.0025,0.002,7,0.47,0.5,-1575.980268223415,86.0
0.0015,0.0025,0.002,7,0.47,0.51,-884.3749034196953,82.0
0.0015,0.0025,0.002,10,0.44,0.48,-1695.929363964984,72.0
0.0015,0.0025,0.002,10,0.44,0.49,-1999.846992785926,69.0
0.0015,0.0025,0.002,10,0.44,0.5,-1023.7596355163842,65.0
0.0015,0.0025,0.002,10,0.44,0.51,-47.13868712060503,62.0
0.0015,0.0025,0.002,10,0.45,0.48,-3398.9763412760076,75.0
0.0015,0.0025,0.002,10,0.45,0.49,-3949.8646381007857,73.0
0.0015,0.0025,0.002,10,0.45,0.5,-2497.704614452319,67.0
0.0015,0.0025,0.002,10,0.45,0.51,-1521.08366605654,65.0
0.0015,0.0025,0.002,10,0.46,0.48,-2588.909154283552,78.0
0.0015,0.0025,0.002,10,0.46,0.49,-2781.3108291391254,76.0
0.0015,0.0025,0.002,10,0.46,0.5,-2456.884068120882,70.0
0.0015,0.0025,0.002,10,0.46,0.51,-1080.4288507776946,68.0
0.0015,0.0025,0.002,10,0.47,0.48,-2078.398645445297,80.0
0.0015,0.0025,0.002,10,0.47,0.49,-2284.1035161291948,77.0
0.0015,0.0025,0.002,10,0.47,0.5,-2195.193318982376,72.0
0.0015,0.0025,0.002,10,0.47,0.51,-819.2747628319921,70.0
0.0015,0.0025,0.0025,5,0.44,0.48,-1368.9448373925698,104.0
0.0015,0.0025,0.0025,5,0.44,0.49,-1221.2582424873835,97.0
0.0015,0.0025,0.0025,5,0.44,0.5,-1021.0774838218495,88.0
0.0015,0.0025,0.0025,5,0.44,0.51,-974.7230997407314,84.0
0.0015,0.0025,0.0025,5,0.45,0.48,-2603.4441171627404,110.0
0.0015,0.0025,0.0025,5,0.45,0.49,-2637.932471281878,103.0
0.0015,0.0025,0.0025,5,0.45,0.5,-2452.173601713672,94.0
0.0015,0.0025,0.0025,5,0.45,0.51,-2405.819217632554,90.0
0.0015,0.0025,0.0025,5,0.46,0.48,-2501.854700026117,116.0
0.0015,0.0025,0.0025,5,0.46,0.49,-2512.2383254295273,110.0
0.0015,0.0025,0.0025,5,0.46,0.5,-2499.307492523585,103.0
0.0015,0.0025,0.0025,5,0.46,0.51,-2367.2547772976686,98.0
0.0015,0.0025,0.0025,5,0.47,0.48,-2600.081894759496,120.0
0.0015,0.0025,0.0025,5,0.47,0.49,-2590.3364450269146,114.0
0.0015,0.0025,0.0025,5,0.47,0.5,-2595.9356359378435,107.0
0.0015,0.0025,0.0025,5,0.47,0.51,-2597.497745787041,103.0
0.0015,0.0025,0.0025,7,0.44,0.48,-2412.16785961228,86.0
0.0015,0.0025,0.0025,7,0.44,0.49,-1826.480726310896,81.0
0.0015,0.0025,0.0025,7,0.44,0.5,-1280.9439475031104,76.0
0.0015,0.0025,0.0025,7,0.44,0.51,-547.7869870961877,72.0
0.0015,0.0025,0.0025,7,0.45,0.48,-3262.086375788931,91.0
0.0015,0.0025,0.0025,7,0.45,0.49,-2677.1703954329423,86.0
0.0015,0.0025,0.0025,7,0.45,0.5,-2259.568810958255,81.0
0.0015,0.0025,0.0025,7,0.45,0.51,-1526.4118505513325,77.0
0.0015,0.0025,0.0025,7,0.46,0.48,-3178.581264515946,93.0
0.0015,0.0025,0.0025,7,0.46,0.49,-2469.268682802416,88.0
0.0015,0.0025,0.0025,7,0.46,0.5,-2057.2828704066196,83.0
0.0015,0.0025,0.0025,7,0.46,0.51,-1324.125909999697,79.0
0.0015,0.0025,0.0025,7,0.47,0.48,-2922.4714275874867,94.0
0.0015,0.0025,0.0025,7,0.47,0.49,-2240.6557825080818,90.0
0.0015,0.0025,0.0025,7,0.47,0.5,-1767.3219761207001,86.0
0.0015,0.0025,0.0025,7,0.47,0.51,-1075.7166113169806,82.0
0.0015,0.0025,0.0025,10,0.44,0.48,-2531.1788176228292,72.0
0.0015,0.0025,0.0025,10,0.44,0.49,-2891.2623731379426,70.0
0.0015,0.0025,0.0025,10,0.44,0.5,-1773.3387611847284,65.0
0.0015,0.0025,0.0025,10,0.44,0.51,-796.7178127889492,62.0
0.0015,0.0025,0.0025,10,0.45,0.48,-4234.225794933853,76.0
0.0015,0.0025,0.0025,10,0.45,0.49,-4841.280018452802,73.0
0.0015,0.0025,0.0025,10,0.45,0.5,-3247.2837401206634,67.0
0.0015,0.0025,0.0025,10,0.45,0.51,-2270.6627917248843,65.0
0.0015,0.0025,0.0025,10,0.46,0.48,-3363.290888063144,78.0
0.0015,0.0025,0.0025,10,0.46,0.49,-3611.8584896128887,76.0
0.0015,0.0025,0.0025,10,0.46,0.5,-3119.7755459610635,70.0
0.0015,0.0025,0.0025,10,0.46,0.51,-1769.1402565677854,68.0
0.0015,0.0025,0.0025,10,0.47,0.48,-2852.7803792248887,80.0
0.0015,0.0025,0.0025,10,0.47,0.49,-3114.651176602958,77.0
0.0015,0.0025,0.0025,10,0.47,0.5,-2883.9047247724666,72.0
0.0015,0.0025,0.0025,10,0.47,0.51,-1507.986168622083,70.0
0.0015,0.003,0.0015,5,0.44,0.48,-1186.6514043410134,104.0
0.0015,0.003,0.0015,5,0.44,0.49,-750.7839639197919,98.0
0.0015,0.003,0.0015,5,0.44,0.5,-761.9050211102294,88.0
0.0015,0.003,0.0015,5,0.44,0.51,-715.5506370291114,84.0
0.0015,0.003,0.0015,5,0.45,0.48,-2621.0504086353176,111.0
0.0015,0.003,0.0015,5,0.45,0.49,-2367.3579172384198,104.0
0.0015,0.003,0.0015,5,0.45,0.5,-2291.470478539559,95.0
0.0015,0.003,0.0015,5,0.45,0.51,-2245.116094458441,90.0
0.0015,0.003,0.0015,5,0.46,0.48,-2722.9903890833957,118.0
0.0015,0.003,0.0015,5,0.46,0.49,-2445.193168970771,112.0
0.0015,0.003,0.0015,5,0.46,0.5,-2542.1337669341738,104.0
0.0015,0.003,0.0015,5,0.46,0.51,-2434.946926792807,99.0
0.0015,0.003,0.0015,5,0.47,0.48,-2706.4596128579287,121.0
0.0015,0.003,0.0015,5,0.47,0.49,-2408.533317609312,116.0
0.0015,0.003,0.0015,5,0.47,0.5,-2524.003939389586,108.0
0.0015,0.003,0.0015,5,0.47,0.51,-2550.431924323333,104.0
0.0015,0.003,0.0015,7,0.44,0.48,-1920.4306423942326,86.0
0.0015,0.003,0.0015,7,0.44,0.49,-1702.4301987120125,82.0
0.0015,0.003,0.0015,7,0.44,0.5,-1135.335526704177,76.0
0.0015,0.003,0.0015,7,0.44,0.51,-402.17856629726884,72.0
0.0015,0.003,0.0015,7,0.45,0.48,-2745.757842623483,92.0
0.0015,0.003,0.0015,7,0.45,0.49,-2558.599397951897,87.0
0.0015,0.003,0.0015,7,0.45,0.5,-2190.3913511072606,81.0
0.0015,0.003,0.0015,7,0.45,0.51,-1457.2343907003233,77.0
0.0015,0.003,0.0015,7,0.46,0.48,-2788.208848143273,95.0
0.0015,0.003,0.0015,7,0.46,0.49,-2446.5829560489074,90.0
0.0015,0.003,0.0015,7,0.46,0.5,-2083.9906812831614,84.0
0.0015,0.003,0.0015,7,0.46,0.51,-1350.833720876224,80.0
0.0015,0.003,0.0015,7,0.47,0.48,-2875.82507712231,96.0
0.0015,0.003,0.0015,7,0.47,0.49,-2561.6961216620693,92.0
0.0015,0.003,0.0015,7,0.47,0.5,-2151.780993486609,86.0
0.0015,0.003,0.0015,7,0.47,0.51,-1413.9664640818519,83.0
0.0015,0.003,0.0015,10,0.44,0.48,-1618.061599408,73.0
0.0015,0.003,0.0015,10,0.44,0.49,-1740.312808445684,71.0
0.0015,0.003,0.0015,10,0.44,0.5,-1114.2434880351939,65.0
0.0015,0.003,0.0015,10,0.44,0.51,286.77275836143235,63.0
0.0015,0.003,0.0015,10,0.45,0.48,-3371.9927311162464,77.0
0.0015,0.003,0.0015,10,0.45,0.49,-3812.8153202443646,75.0
0.0015,0.003,0.0015,10,0.45,0.5,-2735.557519744427,68.0
0.0015,0.003,0.0015,10,0.45,0.51,-1324.3146585781942,66.0
0.0015,0.003,0.0015,10,0.46,0.48,-3290.8514299270173,80.0
0.0015,0.003,0.0015,10,0.46,0.49,-3403.8021987439133,78.0
0.0015,0.003,0.0015,10,0.46,0.5,-2746.979198624482,72.0
0.0015,0.003,0.0015,10,0.46,0.51,-1334.4199106256565,69.0
0.0015,0.003,0.0015,10,0.47,0.48,-3175.935724803334,82.0
0.0015,0.003,0.0015,10,0.47,0.49,-3266.2599942927045,79.0
0.0015,0.003,0.0015,10,0.47,0.5,-2999.8706931039924,73.0
0.0015,0.003,0.0015,10,0.47,0.51,-1432.9309312386758,71.0
0.0015,0.003,0.002,5,0.44,0.48,-1231.98769542425,103.0
0.0015,0.003,0.002,5,0.44,0.49,-1084.3011005190638,96.0
0.0015,0.003,0.002,5,0.44,0.5,-857.138521631714,88.0
0.0015,0.003,0.002,5,0.44,0.51,-810.7841375505959,83.0
0.0015,0.003,0.002,5,0.45,0.48,-2466.4869751944207,109.0
0.0015,0.003,0.002,5,0.45,0.49,-2500.975329313558,102.0
0.0015,0.003,0.002,5,0.45,0.5,-2288.2346395235363,94.0
0.0015,0.003,0.002,5,0.45,0.51,-2241.8802554424183,89.0
0.0015,0.003,0.002,5,0.46,0.48,-2335.255696239343,116.0
0.0015,0.003,0.002,5,0.46,0.49,-2345.639321642753,110.0
0.0015,0.003,0.002,5,0.46,0.5,-2305.7266685149953,103.0
0.0015,0.003,0.002,5,0.46,0.51,-2173.673953289079,98.0
0.0015,0.003,0.002,5,0.47,0.48,-2433.482890972722,120.0
0.0015,0.003,0.002,5,0.47,0.49,-2423.7374412401405,114.0
0.0015,0.003,0.002,5,0.47,0.5,-2402.3548119292536,107.0
0.0015,0.003,0.002,5,0.47,0.51,-2403.916921778451,103.0
0.0015,0.003,0.002,7,0.44,0.48,-2136.6333738153917,85.0
0.0015,0.003,0.002,7,0.44,0.49,-1681.238900912751,80.0
0.0015,0.003,0.002,7,0.44,0.5,-997.4399251405848,75.0
0.0015,0.003,0.002,7,0.44,0.51,-264.28296473367664,71.0
0.0015,0.003,0.002,7,0.45,0.48,-3058.8242867307563,90.0
0.0015,0.003,0.002,7,0.45,0.49,-2604.200966773511,85.0
0.0015,0.003,0.002,7,0.45,0.5,-2048.3371853344433,80.0
0.0015,0.003,0.002,7,0.45,0.51,-1315.1802249275352,76.0
0.0015,0.003,0.002,7,0.46,0.48,-2971.2098131261155,92.0
0.0015,0.003,0.002,7,0.46,0.49,-2392.1898918113293,88.0
0.0015,0.003,0.002,7,0.46,0.5,-1841.9418824511522,83.0
0.0015,0.003,0.002,7,0.46,0.51,-1108.784922044244,79.0
0.0015,0.003,0.002,7,0.47,0.48,-2715.099976197642,93.0
0.0015,0.003,0.002,7,0.47,0.49,-2163.5769915169803,89.0
0.0015,0.003,0.002,7,0.47,0.5,-1598.1146148636908,85.0
0.0015,0.003,0.002,7,0.47,0.51,-860.3756233615131,82.0
0.0015,0.003,0.002,10,0.44,0.48,-1571.4503561007732,71.0
0.0015,0.003,0.002,10,0.44,0.49,-1870.2080562013725,68.0
0.0015,0.003,0.002,10,0.44,0.5,-837.8081231987017,64.0
0.0015,0.003,0.002,10,0.44,0.51,70.964931752751,61.0
0.0015,0.003,0.002,10,0.45,0.48,-3280.2953672124277,74.0
0.0015,0.003,0.002,10,0.45,0.49,-3923.6504485703917,72.0
0.0015,0.003,0.002,10,0.45,0.5,-2404.95123441919,66.0
0.0015,0.003,0.002,10,0.45,0.51,-1496.1781794677372,63.0
0.0015,0.003,0.002,10,0.46,0.48,-2558.691130116262,77.0
0.0015,0.003,0.002,10,0.46,0.49,-2812.7110804561817,75.0
0.0015,0.003,0.002,10,0.46,0.5,-2221.5853122893895,70.0
0.0015,0.003,0.002,10,0.46,0.51,-850.4273199228628,67.0
0.0015,0.003,0.002,10,0.47,0.48,-2328.753326261154,79.0
0.0015,0.003,0.002,10,0.47,0.49,-2560.1467772735487,76.0
0.0015,0.003,0.002,10,0.47,0.5,-2359.454708037476,71.0
0.0015,0.003,0.002,10,0.47,0.51,-845.2924239380809,69.0
0.0015,0.003,0.0025,5,0.44,0.48,-1231.98769542425,103.0
0.0015,0.003,0.0025,5,0.44,0.49,-1084.3011005190638,96.0
0.0015,0.003,0.0025,5,0.44,0.5,-857.138521631714,88.0
0.0015,0.003,0.0025,5,0.44,0.51,-810.7841375505959,83.0
0.0015,0.003,0.0025,5,0.45,0.48,-2466.4869751944207,109.0
0.0015,0.003,0.0025,5,0.45,0.49,-2500.975329313558,102.0
0.0015,0.003,0.0025,5,0.45,0.5,-2288.2346395235363,94.0
0.0015,0.003,0.0025,5,0.45,0.51,-2241.8802554424183,89.0
0.0015,0.003,0.0025,5,0.46,0.48,-2335.255696239343,116.0
0.0015,0.003,0.0025,5,0.46,0.49,-2345.639321642753,110.0
0.0015,0.003,0.0025,5,0.46,0.5,-2305.7266685149953,103.0
0.0015,0.003,0.0025,5,0.46,0.51,-2173.673953289079,98.0
0.0015,0.003,0.0025,5,0.47,0.48,-2433.482890972722,120.0
0.0015,0.003,0.0025,5,0.47,0.49,-2423.7374412401405,114.0
0.0015,0.003,0.0025,5,0.47,0.5,-2402.3548119292536,107.0
0.0015,0.003,0.0025,5,0.47,0.51,-2403.916921778451,103.0
0.0015,0.003,0.0025,7,0.44,0.48,-2327.9750817126624,85.0
0.0015,0.003,0.0025,7,0.44,0.49,-1872.5806088100217,80.0
0.0015,0.003,0.0025,7,0.44,0.5,-1188.7816330378846,75.0
0.0015,0.003,0.0025,7,0.44,0.51,-455.6246726309473,71.0
0.0015,0.003,0.0025,7,0.45,0.48,-3250.165994628027,90.0
0.0015,0.003,0.0025,7,0.45,0.49,-2795.5426746707817,85.0
0.0015,0.003,0.0025,7,0.45,0.5,-2239.678893231743,80.0
0.0015,0.003,0.0025,7,0.45,0.51,-1506.5219328248058,76.0
0.0015,0.003,0.0025,7,0.46,0.48,-3162.551521023386,92.0
0.0015,0.003,0.0025,7,0.46,0.49,-2583.5315997086,88.0
0.0015,0.003,0.0025,7,0.46,0.5,-2033.283590348452,83.0
0.0015,0.003,0.0025,7,0.46,0.51,-1300.1266299415147,79.0
0.0015,0.003,0.0025,7,0.47,0.48,-2906.4416840949416,93.0
0.0015,0.003,0.0025,7,0.47,0.49,-2354.91869941428,89.0
0.0015,0.003,0.0025,7,0.47,0.5,-1789.4563227609615,85.0
0.0015,0.003,0.0025,7,0.47,0.51,-1051.717331258813,82.0
0.0015,0.003,0.0025,10,0.44,0.48,-2109.8203111215553,71.0
0.0015,0.003,0.0025,10,0.44,0.49,-2490.8352463923948,69.0
0.0015,0.003,0.0025,10,0.44,0.5,-1316.5990587060514,64.0
0.0015,0.003,0.0025,10,0.44,0.51,-407.8260037545988,61.0
0.0015,0.003,0.0025,10,0.45,0.48,-3818.6653222332097,75.0
0.0015,0.003,0.0025,10,0.45,0.49,-4544.277638761414,72.0
0.0015,0.003,0.0025,10,0.45,0.5,-2883.7421699265396,66.0
0.0015,0.003,0.0025,10,0.45,0.51,-1974.969114975087,63.0
0.0015,0.003,0.0025,10,0.46,0.48,-3036.1933652587904,78.0
0.0015,0.003,0.0025,10,0.46,0.49,-3372.4705507689505,76.0
0.0015,0.003,0.0025,10,0.46,0.5,-2613.6885999685765,70.0
0.0015,0.003,0.0025,10,0.46,0.51,-1268.3505355519592,67.0
0.0015,0.003,0.0025,10,0.47,0.48,-2806.255561403683,80.0
0.0015,0.003,0.0025,10,0.47,0.49,-3119.9062475863175,77.0
0.0015,0.003,0.0025,10,0.47,0.5,-2751.557995716663,71.0
0.0015,0.003,0.0025,10,0.47,0.51,-1263.2156395671773,69.0
